node,age,gender,location,income,cluster
0,18,1,1,low,0
1,59,1,3,high,19
2,21,1,2,low,11
3,56,1,3,medium,6
4,47,0,1,high,15
5,47,0,4,low,1
6,46,0,2,low,15
7,40,1,3,high,5
8,39,1,3,low,5
9,37,1,4,low,14
10,44,1,4,medium,12
11,25,1,1,low,17
12,40,0,4,high,5
13,52,0,2,medium,3
14,51,0,1,low,3
15,20,1,2,low,0
16,32,1,1,high,2
17,25,0,2,high,17
18,49,0,3,low,9
19,24,0,4,low,4
20,38,0,2,medium,5
21,53,0,3,medium,18
22,28,0,1,low,8
23,19,1,1,medium,0
24,48,1,1,high,9
25,20,0,3,high,0
26,43,1,2,medium,16
27,48,1,2,high,9
28,52,0,4,high,18
29,56,0,2,low,6
30,39,1,1,medium,5
31,32,0,4,high,10
32,57,1,4,low,19
33,51,1,4,medium,18
34,55,1,3,low,6
35,46,1,1,high,15
36,42,0,2,low,16
37,52,1,4,high,18
38,47,0,1,medium,15
39,50,1,3,high,9
40,28,1,4,low,8
41,20,0,1,medium,0
42,19,0,2,high,0
43,27,0,1,high,8
44,49,0,2,high,9
45,59,0,1,medium,7
46,47,0,4,medium,1
47,43,0,2,high,16
48,57,1,3,high,19
49,49,0,3,low,9
50,25,0,4,low,4
51,42,0,4,medium,12
52,22,0,1,medium,11
53,59,1,1,low,7
54,27,1,2,medium,8
55,49,1,2,medium,9
56,26,0,2,low,4
57,44,0,2,high,15
58,46,0,4,medium,1
59,46,1,3,low,1
60,21,1,2,low,11
61,28,1,3,low,8
62,23,0,2,low,11
63,46,1,3,medium,1
64,28,1,4,medium,8
65,52,0,1,high,3
66,44,1,1,medium,15
67,24,0,3,high,17
68,55,1,1,medium,3
69,30,1,2,low,10
70,43,1,4,medium,12
71,53,1,3,high,18
72,43,0,1,high,16
73,42,1,1,low,16
74,59,1,4,low,19
75,31,0,4,medium,10
76,41,1,1,high,16
77,34,1,1,high,2
78,53,0,4,low,18
79,49,1,3,medium,9
80,48,1,2,medium,9
81,36,0,4,low,13
82,56,1,3,high,6
83,19,0,1,high,0
84,53,0,4,medium,18
85,45,1,2,low,15
86,44,1,2,low,15
87,31,1,4,low,10
88,51,0,2,medium,9
89,55,0,1,medium,3
90,36,1,1,low,14
91,26,0,1,high,17
92,42,1,1,low,16
93,44,0,2,high,15
94,39,1,2,high,5
95,53,0,1,medium,3
96,29,1,4,medium,10
97,50,1,4,high,9
98,41,1,4,low,12
99,32,1,4,high,10
100,22,0,1,high,11
101,32,0,2,medium,2
102,31,1,3,low,10
103,45,0,4,high,1
104,31,1,1,high,10
105,38,1,1,high,5
106,25,1,3,high,4
107,57,0,3,high,19
108,54,0,3,high,6
109,53,0,2,high,3
110,26,0,4,high,4
111,29,0,3,high,8
112,28,0,2,high,8
113,30,0,4,low,10
114,55,0,3,medium,6
115,30,1,1,medium,10
116,24,1,3,medium,17
117,33,0,2,medium,2
118,52,0,2,low,3
119,41,1,1,low,16
120,42,1,2,low,16
121,59,1,3,high,19
122,27,1,2,medium,8
123,54,1,4,medium,6
124,28,0,2,low,8
125,46,1,1,low,15
126,31,0,4,low,10
127,33,1,3,high,2
128,19,0,1,medium,0
129,48,1,2,medium,9
130,32,1,1,low,2
131,46,0,3,high,1
132,26,1,4,high,4
133,25,1,4,medium,4
134,22,1,1,low,11
135,53,0,3,low,18
136,44,0,1,medium,15
137,47,0,1,medium,15
138,58,1,3,low,19
139,24,0,4,low,4
140,52,0,2,low,3
141,57,1,2,high,7
142,25,1,3,high,4
143,53,1,4,low,18
144,54,0,1,high,3
145,55,0,2,medium,6
146,42,1,2,high,16
147,47,0,3,low,1
148,48,0,3,low,9
149,57,0,4,low,19
150,38,1,2,medium,5
151,26,1,3,low,4
152,31,0,2,low,10
153,48,0,3,low,9
154,48,0,4,medium,1
155,59,1,4,low,19
156,37,0,1,high,14
157,58,0,2,low,7
158,27,1,3,high,8
159,50,1,2,low,9
160,53,1,2,low,3
161,48,0,4,high,1
162,52,0,2,low,3
163,59,0,4,high,19
164,41,0,2,medium,16
165,49,1,4,low,9
166,54,0,1,low,3
167,26,1,1,medium,17
168,39,0,2,medium,5
169,22,1,1,medium,11
170,36,1,4,high,13
171,24,1,2,medium,17
172,37,0,1,medium,14
173,28,0,3,high,8
174,27,1,3,low,8
175,48,1,4,low,1
176,18,1,4,high,0
177,48,1,4,low,1
178,20,1,2,medium,0
179,37,0,4,high,14
180,23,0,2,high,11
181,18,0,3,low,0
182,23,1,2,low,11
183,42,0,1,high,16
184,30,0,1,medium,10
185,20,0,4,medium,0
186,42,0,3,low,12
187,59,1,2,medium,7
188,35,1,1,medium,14
189,55,0,3,high,6
190,46,0,3,medium,1
191,29,1,2,low,8
192,48,1,3,high,9
193,52,0,1,medium,3
194,57,1,2,high,7
195,19,0,4,medium,0
196,50,0,2,low,9
197,53,1,3,high,18
198,32,1,2,low,2
199,33,1,1,high,2
200,23,1,2,high,11
201,24,1,3,low,17
202,34,1,4,high,13
203,30,0,3,low,10
204,46,1,3,medium,1
205,33,1,1,medium,2
206,56,0,1,medium,7
207,32,1,4,high,10
208,20,0,4,low,0
209,37,0,2,high,14
210,43,1,1,medium,16
211,54,0,4,low,6
212,23,0,3,low,11
213,52,1,1,low,3
214,48,1,2,low,9
215,22,0,4,high,11
216,39,1,2,low,5
217,37,1,1,low,14
218,27,0,3,medium,8
219,43,1,4,medium,12
220,22,1,3,low,11
221,52,1,3,low,18
222,59,1,4,high,19
223,54,1,2,medium,3
224,51,0,3,high,18
225,36,0,2,medium,14
226,40,0,4,high,5
227,40,0,4,high,5
228,42,0,1,low,16
229,21,1,4,medium,11
230,42,0,1,low,16
231,50,1,3,high,9
232,29,1,4,high,10
233,35,1,3,medium,13
234,24,1,1,high,17
235,54,1,1,high,3
236,24,1,4,high,4
237,52,1,2,medium,3
238,29,1,1,high,8
239,58,1,1,high,7
240,36,0,3,medium,14
241,46,1,4,high,1
242,44,1,1,medium,15
243,23,0,3,medium,11
244,34,0,3,high,13
245,37,1,1,high,14
246,33,0,1,medium,2
247,34,0,2,medium,2
248,45,1,1,medium,15
249,25,1,2,high,17
250,33,1,2,high,2
251,23,0,4,medium,11
252,21,0,4,low,11
253,53,1,1,low,3
254,41,1,1,medium,16
255,49,0,2,medium,9
256,29,0,2,low,8
257,55,1,1,medium,3
258,27,0,4,low,4
259,21,1,3,medium,11
260,58,0,1,high,7
261,54,0,2,high,3
262,43,1,1,low,16
263,27,1,2,low,8
264,36,1,4,high,13
265,25,1,2,low,17
266,26,1,1,low,17
267,38,1,1,low,5
268,54,0,1,medium,3
269,31,1,3,low,10
270,59,0,1,high,7
271,58,0,2,low,7
272,52,1,3,medium,18
273,33,0,2,high,2
274,50,1,3,low,9
275,45,0,3,medium,1
276,39,1,1,low,5
277,58,1,4,low,19
278,56,0,4,medium,6
279,32,1,3,low,10
280,34,1,4,low,13
281,33,1,1,medium,2
282,47,1,2,low,15
283,58,0,2,medium,7
284,46,0,4,low,1
285,21,1,2,medium,11
286,59,1,3,low,19
287,26,0,2,high,4
288,46,0,3,low,1
289,42,0,4,high,12
290,49,1,2,high,9
291,59,0,1,high,7
292,58,0,1,low,7
293,42,1,1,medium,16
294,19,1,1,medium,0
295,24,1,2,low,17
296,31,1,4,low,10
297,37,1,3,low,14
298,19,1,3,high,0
299,35,1,1,low,14
300,23,1,3,low,11
301,46,0,3,medium,1
302,46,0,4,medium,1
303,58,0,1,medium,7
304,28,0,4,high,8
305,22,1,1,low,11
306,48,1,3,medium,9
307,49,0,4,high,9
308,47,0,3,high,1
309,26,0,4,high,4
310,49,0,2,low,9
311,40,0,4,low,5
312,20,1,2,medium,0
313,58,0,4,high,19
314,41,1,2,high,16
315,57,1,1,medium,7
316,34,1,1,high,2
317,35,1,4,high,13
318,49,1,1,high,9
319,45,1,4,medium,1
320,52,0,3,medium,18
321,44,1,4,medium,12
322,42,1,1,low,16
323,48,1,4,high,1
324,29,0,3,low,8
325,21,1,1,low,11
326,50,1,1,medium,9
327,46,0,1,high,15
328,33,1,1,low,2
329,32,1,4,low,10
330,46,1,1,high,15
331,40,0,3,high,5
332,50,1,2,medium,9
333,32,1,3,medium,10
334,50,0,1,low,9
335,52,1,3,high,18
336,57,0,4,medium,19
337,19,1,4,medium,0
338,32,1,3,high,10
339,46,1,4,medium,1
340,32,1,2,high,2
341,31,0,1,low,10
342,38,1,4,high,5
343,25,0,1,high,17
344,41,1,4,high,12
345,41,0,1,low,16
346,29,1,3,medium,8
347,35,1,3,high,13
348,30,1,1,low,10
414,51,0,2,medium,9
428,26,1,1,high,17
1684,35,1,3,high,13
1912,59,0,3,high,19
2814,50,1,4,low,9
2838,23,1,4,medium,11
2885,27,1,2,low,8
3003,45,0,4,medium,1
3173,34,0,4,low,13
3290,24,0,1,medium,17
353,53,0,3,low,18
363,57,1,3,low,19
366,22,0,2,low,11
376,45,1,2,low,15
389,44,0,1,high,15
420,18,1,3,medium,0
475,59,0,4,low,19
483,45,1,4,medium,1
484,46,0,1,low,15
517,37,0,3,low,14
526,43,0,4,low,12
538,28,0,4,low,8
563,37,0,3,high,14
566,18,0,3,high,0
580,18,1,2,high,0
596,41,1,1,high,16
601,19,1,4,high,0
606,26,0,2,medium,4
629,28,0,3,medium,8
637,58,0,4,medium,19
641,22,1,1,low,11
649,30,0,2,medium,10
651,50,1,1,medium,9
896,45,0,4,low,1
897,59,0,1,medium,7
898,55,0,3,medium,6
899,58,0,1,medium,7
900,19,0,2,low,0
901,47,1,4,low,1
902,25,1,2,low,17
903,21,0,3,low,11
904,31,1,3,high,10
905,58,0,4,medium,19
906,43,1,2,low,16
907,35,0,1,low,14
908,52,0,4,low,18
909,41,1,4,low,12
910,48,1,2,low,9
911,53,1,2,high,3
912,50,0,1,medium,9
913,56,0,3,high,6
914,18,0,4,medium,0
915,27,0,2,low,8
916,48,1,3,high,9
917,42,0,3,medium,12
918,30,0,1,high,10
919,39,0,4,medium,5
920,18,1,4,medium,0
921,39,1,4,high,5
922,57,1,3,medium,19
923,42,0,1,high,16
924,26,0,2,medium,4
925,18,1,2,low,0
926,56,0,1,medium,7
927,55,0,4,medium,6
928,24,0,2,medium,17
929,27,1,1,high,8
930,32,0,3,high,10
931,26,1,2,low,4
932,21,1,3,medium,11
933,21,0,3,medium,11
934,54,0,4,medium,6
935,37,1,3,low,14
936,59,0,1,high,7
937,34,0,4,high,13
938,33,1,3,medium,2
939,40,0,1,low,5
940,28,1,3,medium,8
941,38,1,4,high,5
942,28,1,3,low,8
943,24,0,1,low,17
944,52,1,2,high,3
945,29,0,4,high,10
946,27,0,1,low,8
947,36,0,1,medium,14
948,28,0,2,medium,8
949,45,1,4,high,1
950,58,0,2,high,7
951,29,0,1,medium,8
952,23,0,3,medium,11
953,44,0,2,high,15
954,28,0,4,high,8
955,49,1,2,medium,9
956,28,1,4,low,8
957,45,1,2,low,15
958,54,0,1,low,3
959,58,1,4,medium,19
960,58,1,1,medium,7
961,18,1,2,low,0
962,42,1,4,high,12
963,45,1,1,high,15
964,23,0,4,high,11
965,48,0,2,medium,9
966,59,1,1,low,7
967,19,1,2,high,0
968,58,1,3,medium,19
969,50,0,1,high,9
970,33,1,3,medium,2
971,51,1,2,high,9
972,38,1,2,high,5
973,27,0,2,low,8
974,49,1,1,medium,9
975,31,1,2,high,10
976,48,1,3,high,9
977,40,1,3,high,5
978,22,0,3,low,11
979,23,0,3,high,11
980,57,0,3,low,19
981,49,0,2,low,9
982,44,1,1,medium,15
983,59,1,2,medium,7
984,47,1,2,low,15
985,52,0,2,high,3
986,55,0,2,high,6
987,32,0,4,high,10
988,44,0,4,medium,12
989,54,0,3,low,6
990,54,1,1,high,3
991,40,1,2,medium,5
992,31,1,4,low,10
993,51,1,4,medium,18
994,30,1,1,high,10
995,34,1,3,high,13
996,51,1,1,medium,3
997,38,0,2,medium,5
998,38,0,1,low,5
999,35,1,3,high,13
1000,54,1,1,medium,3
1001,49,1,2,low,9
1002,57,0,2,low,7
1003,26,0,3,low,4
1004,52,1,3,medium,18
1005,19,1,3,medium,0
1006,55,0,2,medium,6
1007,32,1,1,medium,2
1008,19,1,4,low,0
1009,55,0,4,medium,6
1010,54,1,2,low,3
1011,43,0,2,medium,16
1012,58,0,1,medium,7
1013,31,1,2,high,10
1014,32,1,1,high,2
1015,18,0,3,medium,0
1016,28,1,1,high,8
1017,57,1,2,medium,7
1018,24,1,3,medium,17
1019,40,0,4,low,5
1020,29,0,2,low,8
1021,21,0,4,low,11
1022,51,1,1,high,3
1023,30,0,4,low,10
1024,43,0,1,medium,16
1025,31,0,1,low,10
1026,58,1,4,medium,19
1027,34,1,3,high,13
1028,45,0,3,high,1
1029,48,0,1,low,9
1030,45,1,2,low,15
1031,48,0,4,low,1
1032,29,1,2,medium,8
1033,38,1,1,high,5
1034,25,0,3,medium,4
1035,32,0,4,low,10
1036,54,0,2,high,3
1037,42,1,4,medium,12
1038,23,0,1,low,17
1039,52,1,2,low,3
1040,45,1,1,low,15
1041,54,0,3,low,6
1042,33,1,4,low,13
1043,51,0,1,medium,3
1044,19,0,3,low,0
1045,55,0,4,medium,6
1046,37,0,2,medium,14
1047,32,0,1,high,2
1048,24,0,1,low,17
1049,56,1,4,low,6
1050,44,0,1,high,15
1051,52,0,4,medium,18
1052,29,1,3,low,8
1053,25,1,1,medium,17
1054,22,0,1,medium,11
1055,44,1,3,medium,12
1056,20,1,1,high,0
1057,46,1,1,high,15
1058,40,1,3,low,5
1059,48,1,3,high,9
1060,46,1,2,medium,15
1061,52,0,2,high,3
1062,54,1,3,medium,6
1063,55,0,2,high,6
1064,29,0,4,low,10
1065,53,1,2,high,3
1066,35,1,1,high,14
1067,26,1,1,low,17
1068,37,1,2,high,14
1069,59,0,2,medium,7
1070,50,0,1,high,9
1071,37,0,2,low,14
1072,24,1,4,medium,4
1073,52,0,1,high,3
1074,58,1,2,medium,7
1075,58,0,3,high,19
1076,37,0,2,low,14
1077,50,1,4,medium,9
1078,57,1,3,medium,19
1079,34,0,4,medium,13
1080,54,1,3,high,6
1081,45,0,2,medium,15
1082,42,0,2,medium,16
1083,24,0,3,high,17
1084,34,1,3,low,13
1085,31,0,4,low,10
1086,18,1,4,low,0
1087,33,0,1,high,2
1088,57,0,3,high,19
1089,48,1,2,medium,9
1090,44,0,2,low,15
1091,38,0,3,low,5
1092,26,0,1,low,17
1093,39,1,3,low,5
1094,45,1,3,medium,1
1095,35,1,1,low,14
1096,44,1,4,high,12
1097,35,0,3,low,13
1098,39,0,3,medium,5
1099,53,1,4,low,18
1100,50,1,3,high,9
1101,24,0,4,high,4
1102,44,1,2,high,15
1103,42,0,1,high,16
1104,40,1,4,low,5
1105,39,0,2,medium,5
1106,52,0,2,low,3
1107,55,0,3,medium,6
1108,42,1,3,high,12
1109,43,1,4,medium,12
1110,36,0,1,medium,14
1111,41,1,1,low,16
1112,25,0,1,medium,17
1113,58,1,3,high,19
1114,32,1,3,high,10
1115,37,0,1,medium,14
1116,34,0,1,medium,2
1117,58,0,2,medium,7
1118,33,0,3,low,2
1119,27,0,1,medium,8
1120,59,0,4,low,19
1121,34,0,4,high,13
1122,45,0,3,low,1
1123,59,0,2,high,7
1124,29,1,1,high,8
1125,19,1,3,low,0
1126,40,1,2,high,5
1127,53,1,2,high,3
1128,58,0,1,medium,7
1129,43,1,1,medium,16
1130,36,1,1,low,14
1131,21,0,4,low,11
1132,54,1,1,medium,3
1133,44,1,1,high,15
1134,33,1,4,medium,13
1135,55,1,3,low,6
1136,54,1,1,high,3
1137,20,0,1,high,0
1138,39,1,4,high,5
1139,48,1,1,low,9
1140,31,0,3,low,10
1141,48,1,3,high,9
1142,49,1,3,medium,9
1143,51,0,3,low,18
1144,24,1,4,low,4
1145,45,0,1,low,15
1146,25,1,4,high,4
1147,20,0,2,medium,0
1148,18,0,2,high,0
1149,40,1,1,low,5
1150,58,1,3,medium,19
1151,27,0,2,medium,8
1152,46,1,3,high,1
1153,46,1,1,low,15
1154,56,0,4,high,6
1155,26,0,3,high,4
1156,35,0,1,low,14
1157,29,1,4,medium,10
1158,20,1,3,low,0
1159,28,0,4,low,8
1160,43,0,2,medium,16
1161,38,1,1,medium,5
1162,31,0,1,low,10
1163,35,0,4,high,13
1164,43,0,4,medium,12
1165,27,0,4,low,4
1166,27,1,3,high,8
1167,18,0,4,low,0
1168,51,0,4,high,18
1169,18,1,2,medium,0
1170,18,1,3,high,0
1171,49,0,3,medium,9
1172,26,1,1,high,17
1173,46,0,2,medium,15
1174,56,0,1,low,7
1175,58,1,2,medium,7
1176,41,0,2,medium,16
1177,19,0,3,medium,0
1178,51,1,4,high,18
1179,20,0,1,medium,0
1180,24,0,2,low,17
1181,36,0,4,low,13
1182,38,1,3,high,5
1183,44,0,3,high,12
1184,44,0,4,low,12
1185,28,1,3,low,8
1186,53,0,4,medium,18
1187,42,1,1,high,16
1188,31,0,3,high,10
1189,25,0,4,medium,4
1190,51,0,4,high,18
1191,36,1,4,medium,13
1192,37,1,3,medium,14
1193,19,1,4,medium,0
1194,20,1,2,low,0
1195,22,0,4,medium,11
1196,33,0,4,high,13
1197,31,1,4,high,10
1198,22,1,3,low,11
1199,18,0,1,low,0
1200,28,0,2,medium,8
1201,26,0,3,low,4
1202,24,0,1,medium,17
1203,25,0,2,high,17
1204,39,0,1,medium,5
1205,48,0,1,high,9
1206,19,0,4,medium,0
1207,44,0,4,high,12
1208,28,0,2,high,8
1209,48,0,4,low,1
1210,54,0,4,high,6
1211,21,0,1,high,11
1212,43,1,3,medium,12
1213,59,0,1,high,7
1214,35,1,3,high,13
1215,31,1,1,low,10
1216,22,0,2,medium,11
1217,47,1,4,medium,1
1218,42,1,1,medium,16
1219,58,0,4,medium,19
1220,33,0,2,high,2
1221,37,0,4,medium,14
1222,42,0,3,high,12
1223,18,1,2,medium,0
1224,33,1,1,low,2
1225,42,1,1,low,16
1226,18,0,2,medium,0
1227,59,1,4,low,19
1228,24,0,2,high,17
1229,23,0,2,low,11
1230,54,0,2,high,3
1231,32,0,1,high,2
1232,23,1,4,medium,11
1233,57,1,2,high,7
1234,33,1,1,high,2
1235,35,0,1,low,14
1236,18,0,4,low,0
1237,54,1,1,high,3
1238,48,1,2,high,9
1239,31,0,3,low,10
1240,59,1,2,high,7
1241,41,0,4,low,12
1242,23,0,1,high,17
1243,38,0,3,medium,5
1244,34,1,4,high,13
1245,26,1,4,high,4
1246,39,1,2,low,5
1247,27,1,4,medium,4
1248,39,1,1,medium,5
1249,52,0,3,high,18
1250,27,0,2,low,8
1251,23,1,2,medium,11
1252,19,0,4,medium,0
1253,27,0,3,low,8
1254,52,0,4,low,18
1255,18,0,4,medium,0
1256,43,0,4,high,12
1257,53,1,3,low,18
1258,18,0,2,low,0
1259,43,1,1,medium,16
1260,19,0,3,low,0
1261,55,0,4,low,6
1262,23,1,1,medium,17
1263,54,0,4,high,6
1264,24,0,2,medium,17
1265,44,0,2,low,15
1266,22,1,3,low,11
1267,21,1,2,medium,11
1268,52,0,4,high,18
1269,29,1,2,low,8
1270,37,0,3,medium,14
1271,19,0,3,low,0
1272,30,0,2,medium,10
1273,47,1,2,high,15
1274,44,1,1,high,15
1275,25,0,2,low,17
1276,42,1,1,low,16
1277,47,1,3,medium,1
1278,37,1,1,low,14
1279,37,0,4,high,14
1280,47,1,4,high,1
1281,19,1,3,high,0
1282,43,1,3,low,12
1283,26,1,3,high,4
1284,24,1,1,low,17
1285,51,1,2,medium,9
1286,59,0,2,high,7
1287,28,0,2,low,8
1288,58,0,4,medium,19
1289,30,0,4,low,10
1290,33,1,4,medium,13
1291,31,1,4,medium,10
1292,51,1,1,medium,3
1293,41,0,3,low,12
1294,36,1,1,high,14
1295,34,1,1,high,2
1296,54,1,2,high,3
1297,43,0,2,high,16
1298,24,0,1,low,17
1299,43,0,2,low,16
1300,26,1,4,low,4
1301,40,1,2,low,5
1302,32,1,2,medium,2
1303,46,0,2,high,15
1304,56,0,2,medium,6
1305,58,1,1,high,7
1306,59,0,4,low,19
1307,47,1,3,low,1
1308,57,0,4,high,19
1309,47,0,4,high,1
1310,56,1,4,high,6
1311,32,0,4,low,10
1312,36,1,3,low,14
1313,22,1,4,medium,11
1314,29,0,2,medium,8
1315,37,0,1,high,14
1316,34,1,4,high,13
1317,38,0,2,low,5
1318,44,0,2,low,15
1319,56,1,4,low,6
1320,18,0,1,low,0
1321,50,1,3,low,9
1322,55,0,1,low,3
1323,57,0,4,high,19
1324,44,0,4,medium,12
1325,41,1,1,medium,16
1326,46,1,3,medium,1
1327,31,1,4,medium,10
1328,34,0,2,high,2
1329,30,1,3,medium,10
1330,28,1,1,medium,8
1331,55,1,2,medium,6
1332,44,0,2,high,15
1333,23,0,3,low,11
1334,23,0,2,high,11
1335,50,1,4,low,9
1336,26,1,1,low,17
1337,59,1,3,medium,19
1338,46,0,3,medium,1
1339,43,1,1,medium,16
1340,24,1,1,medium,17
1341,37,0,3,high,14
1342,34,1,1,medium,2
1343,51,0,2,low,9
1344,42,1,4,medium,12
1345,44,1,3,high,12
1346,22,0,2,medium,11
1347,20,0,3,high,0
1348,24,1,4,low,4
1349,40,1,2,medium,5
1350,48,0,2,high,9
1351,33,1,1,high,2
1352,32,1,3,medium,10
1353,35,1,3,high,13
1354,44,0,1,medium,15
1355,32,0,2,high,2
1356,26,1,1,low,17
1357,24,1,2,high,17
1358,58,1,1,low,7
1359,46,1,1,medium,15
1360,21,0,1,low,11
1361,47,0,1,medium,15
1362,53,0,2,high,3
1363,48,1,2,high,9
1364,44,1,3,high,12
1365,55,1,4,high,6
1366,41,1,1,high,16
1367,27,1,4,high,4
1368,26,0,3,low,4
1369,48,1,3,high,9
1370,30,1,2,medium,10
1371,54,0,3,high,6
1372,55,1,2,low,6
1373,57,1,2,low,7
1374,35,0,4,high,13
1375,25,1,1,low,17
1376,22,0,4,low,11
1377,40,1,4,medium,5
1378,32,1,1,high,2
1379,24,0,1,medium,17
1380,24,1,1,medium,17
1381,27,0,4,high,4
1382,38,0,1,low,5
1383,41,1,2,medium,16
1384,47,0,3,medium,1
1385,44,1,3,high,12
1386,52,0,2,low,3
1387,21,0,3,low,11
1388,18,0,4,high,0
1389,29,1,3,low,8
1390,52,0,1,high,3
1391,35,0,4,medium,13
1392,43,0,4,low,12
1393,23,1,2,low,11
1394,35,1,2,high,14
1395,37,1,3,high,14
1396,29,0,1,low,8
1397,31,1,3,high,10
1398,39,0,2,high,5
1399,21,1,2,low,11
1400,50,0,3,medium,9
1401,34,1,3,low,13
1402,49,1,2,low,9
1403,27,1,4,high,4
1404,25,0,3,medium,4
1405,54,0,2,medium,3
1406,34,1,4,medium,13
1407,29,0,4,high,10
1408,50,1,1,high,9
1409,32,1,2,high,2
1410,40,1,1,low,5
1411,48,1,4,low,1
1412,22,1,4,medium,11
1413,27,1,2,high,8
1414,31,1,4,high,10
1415,25,1,3,low,4
1416,27,0,2,medium,8
1417,40,0,2,high,5
1418,35,1,2,high,14
1419,36,1,3,high,14
1420,35,1,3,high,13
1421,43,0,1,high,16
1422,43,1,4,low,12
1423,29,1,2,high,8
1424,49,0,1,medium,9
1425,43,1,1,medium,16
1426,37,0,3,high,14
1427,35,1,3,high,13
1428,35,1,4,low,13
1429,39,0,4,high,5
1430,25,1,1,low,17
1431,37,0,2,high,14
1432,39,0,1,high,5
1433,43,1,2,low,16
1434,50,1,2,high,9
1435,48,0,4,medium,1
1436,33,0,3,high,2
1437,53,1,2,high,3
1438,52,1,1,high,3
1439,34,0,2,high,2
1440,18,1,2,medium,0
1441,45,0,2,high,15
1442,18,0,4,low,0
1443,22,0,4,medium,11
1444,19,0,2,low,0
1445,40,0,3,low,5
1446,56,1,3,low,6
1447,20,0,2,medium,0
1448,40,0,4,high,5
1449,28,1,2,high,8
1450,26,1,3,high,4
1451,52,1,1,medium,3
1452,41,0,4,high,12
1453,25,1,2,medium,17
1454,32,1,3,low,10
1455,46,1,4,high,1
1456,31,0,2,high,10
1457,59,0,2,medium,7
1458,33,0,2,high,2
1459,29,1,3,high,8
1460,28,1,3,high,8
1461,42,0,3,high,12
1462,23,0,4,high,11
1463,52,0,3,low,18
1464,37,0,1,high,14
1465,50,1,3,low,9
1466,38,0,2,high,5
1467,21,0,4,high,11
1468,40,0,2,medium,5
1469,42,0,4,high,12
1470,19,1,1,high,0
1471,58,0,3,low,19
1472,35,0,3,low,13
1473,19,0,2,high,0
1474,44,0,4,high,12
1475,26,0,2,low,4
1476,35,1,3,low,13
1477,26,1,4,medium,4
1478,39,0,1,low,5
1479,40,0,1,high,5
1480,23,0,1,medium,17
1481,36,0,1,high,14
1482,25,0,3,high,4
1483,31,0,4,high,10
1484,49,0,2,high,9
1485,30,1,3,low,10
1486,24,0,3,medium,17
1487,54,1,4,low,6
1488,30,1,4,high,10
1489,45,1,4,low,1
1490,32,1,1,high,2
1491,23,1,1,medium,17
1492,43,1,4,high,12
1493,40,0,3,low,5
1494,31,0,3,medium,10
1495,21,0,2,medium,11
1496,45,1,1,medium,15
1497,37,0,3,low,14
1498,35,0,2,medium,14
1499,54,1,2,high,3
1500,18,1,2,low,0
1501,42,1,2,medium,16
1502,36,0,1,low,14
1503,48,1,1,medium,9
1504,29,1,3,low,8
1505,57,0,3,medium,19
1506,42,1,3,high,12
1507,46,0,2,low,15
1508,47,1,3,high,1
1509,52,0,2,high,3
1510,18,1,4,low,0
1511,18,1,3,high,0
1512,43,1,1,low,16
1513,41,0,1,low,16
1514,31,1,4,high,10
1515,23,1,2,medium,11
1516,22,1,2,high,11
1517,25,0,2,high,17
1518,52,0,3,low,18
1519,54,1,4,low,6
1520,59,0,1,low,7
1521,41,1,3,medium,12
1522,36,1,1,medium,14
1523,49,1,1,low,9
1524,18,0,3,high,0
1525,51,1,4,medium,18
1526,38,1,2,high,5
1527,29,1,1,high,8
1528,33,1,1,medium,2
1529,39,0,3,medium,5
1530,43,0,1,low,16
1531,55,0,4,medium,6
1532,54,1,2,low,3
1533,25,0,1,high,17
1534,59,1,1,medium,7
1535,42,1,4,high,12
1536,55,1,1,high,3
1537,49,0,1,low,9
1538,41,0,3,low,12
1539,33,0,1,high,2
1540,27,1,1,low,8
1541,59,0,4,medium,19
1542,52,0,3,high,18
1543,50,1,1,low,9
1544,34,0,3,low,13
1545,34,0,1,medium,2
1546,38,1,3,medium,5
1547,18,0,3,low,0
1548,47,1,1,high,15
1549,46,1,3,medium,1
1550,56,1,2,medium,6
1551,47,1,1,medium,15
1552,54,0,2,high,3
1553,21,1,4,low,11
1554,31,0,1,medium,10
1555,46,1,3,medium,1
1556,29,1,3,high,8
1557,31,0,2,low,10
1558,44,1,1,high,15
1559,35,1,1,medium,14
1560,57,1,4,medium,19
1561,46,1,1,high,15
1562,42,0,4,medium,12
1563,47,0,3,low,1
1564,56,1,1,low,7
1565,52,1,4,medium,18
1566,41,1,2,high,16
1567,32,1,2,low,2
1568,38,0,1,low,5
1569,30,1,1,medium,10
1570,37,0,3,medium,14
1571,24,1,3,medium,17
1572,28,0,2,medium,8
1573,28,0,1,high,8
1574,33,1,4,medium,13
1575,51,0,2,medium,9
1576,56,0,4,medium,6
1577,27,0,1,high,8
1578,51,0,3,medium,18
1579,41,0,3,medium,12
1580,59,0,4,low,19
1581,39,1,2,low,5
1582,42,1,3,medium,12
1583,42,0,4,low,12
1584,52,0,3,low,18
1585,48,0,2,medium,9
1586,47,1,1,medium,15
1587,48,0,3,medium,9
1588,32,0,1,low,2
1589,50,1,3,low,9
1590,37,0,3,medium,14
1591,29,1,4,low,10
1592,19,0,2,high,0
1593,52,1,4,medium,18
1594,44,1,4,high,12
1595,24,0,3,medium,17
1596,59,1,2,medium,7
1597,37,0,1,high,14
1598,25,0,4,high,4
1599,18,1,3,medium,0
1600,32,0,2,medium,2
1601,53,1,4,high,18
1602,35,1,4,high,13
1603,41,1,1,medium,16
1604,27,1,4,high,4
1605,49,0,3,high,9
1606,56,1,3,low,6
1607,44,0,4,high,12
1608,55,0,4,high,6
1609,40,1,1,high,5
1610,56,1,2,low,6
1611,48,0,3,medium,9
1612,41,1,1,low,16
1613,55,0,1,medium,3
1614,58,1,1,high,7
1615,25,1,1,medium,17
1616,33,0,2,medium,2
1617,30,1,4,low,10
1618,34,0,1,medium,2
1619,53,1,1,low,3
1620,52,1,4,low,18
1621,29,0,4,low,10
1622,54,1,3,high,6
1623,39,0,2,medium,5
1624,32,0,3,low,10
1625,37,1,2,high,14
1626,47,1,4,low,1
1627,42,1,2,high,16
1628,37,1,4,low,14
1629,56,0,4,low,6
1630,48,1,1,medium,9
1631,39,1,3,medium,5
1632,30,1,3,low,10
1633,20,1,1,low,0
1634,22,0,1,high,11
1635,35,0,4,medium,13
1636,38,1,4,low,5
1637,48,0,2,medium,9
1638,31,0,4,low,10
1639,41,1,4,medium,12
1640,51,1,4,high,18
1641,50,0,4,medium,9
1642,29,1,1,high,8
1643,26,0,3,high,4
1644,19,0,2,medium,0
1645,19,1,1,medium,0
1646,37,1,1,medium,14
1647,25,0,3,low,4
1648,54,0,2,medium,3
1649,34,1,4,medium,13
1650,45,0,1,low,15
1651,37,0,2,high,14
1652,57,1,4,low,19
1653,41,1,1,high,16
1654,56,1,2,high,6
1655,32,0,3,high,10
1656,36,1,1,low,14
1657,25,1,3,medium,4
1658,56,1,2,low,6
1659,55,0,1,high,3
1660,43,0,1,high,16
1661,23,0,4,high,11
1662,37,0,4,low,14
1663,49,0,1,medium,9
1664,27,0,3,medium,8
1665,45,0,3,high,1
1666,27,1,2,low,8
1667,29,1,2,medium,8
1668,41,1,2,high,16
1669,42,1,1,medium,16
1670,50,1,2,low,9
1671,48,1,3,medium,9
1672,53,1,1,high,3
1673,39,1,1,high,5
1674,30,1,4,medium,10
1675,22,1,3,medium,11
1676,24,0,3,low,17
1677,47,0,3,low,1
1678,45,1,3,medium,1
1679,26,1,4,medium,4
1680,28,0,2,low,8
1681,58,0,2,medium,7
1682,58,1,1,high,7
1683,52,0,1,medium,3
1685,22,0,3,low,11
1686,41,1,3,medium,12
1687,23,1,1,medium,17
1688,51,1,1,high,3
1689,40,0,4,medium,5
1690,34,0,4,medium,13
1691,50,1,1,medium,9
1692,26,1,1,high,17
1693,58,0,2,medium,7
1694,44,1,1,medium,15
1695,38,0,2,medium,5
1696,32,0,3,high,10
1697,36,0,4,medium,13
1698,53,0,3,low,18
1699,27,0,4,low,4
1700,31,0,1,medium,10
1701,56,1,4,medium,6
1702,49,1,1,medium,9
1703,22,0,3,medium,11
1704,24,1,4,low,4
1705,49,0,3,high,9
1706,37,1,3,high,14
1707,43,0,4,low,12
1708,49,1,3,low,9
1709,49,0,2,medium,9
1710,43,1,1,medium,16
1711,18,1,2,high,0
1712,32,0,3,low,10
1713,34,0,1,high,2
1714,39,1,3,low,5
1715,22,0,4,low,11
1716,24,1,4,medium,4
1717,52,1,2,high,3
1718,47,0,4,medium,1
1719,31,1,3,low,10
1720,56,1,1,low,7
1721,35,1,3,low,13
1722,42,0,4,high,12
1723,50,1,3,high,9
1724,47,1,2,high,15
1725,27,0,2,high,8
1726,45,0,2,low,15
1727,36,0,4,medium,13
1728,58,0,4,medium,19
1729,22,0,4,high,11
1730,43,0,4,low,12
1731,26,1,2,medium,4
1732,51,0,4,medium,18
1733,33,0,2,medium,2
1734,26,1,4,medium,4
1735,21,0,2,high,11
1736,49,1,4,low,9
1737,57,1,4,medium,19
1738,33,1,3,medium,2
1739,56,0,3,medium,6
1740,48,1,3,low,9
1741,45,1,2,medium,15
1742,32,0,1,medium,2
1743,31,0,3,high,10
1744,31,0,4,low,10
1745,28,1,4,medium,8
1746,56,0,2,high,6
1747,38,0,1,low,5
1748,42,0,1,high,16
1749,54,0,1,medium,3
1750,49,1,2,medium,9
1751,23,0,2,medium,11
1752,19,1,4,low,0
1753,22,1,1,low,11
1754,31,1,1,medium,10
1755,35,0,3,low,13
1756,50,1,1,high,9
1757,34,0,2,low,2
1758,45,1,1,low,15
1759,33,0,1,high,2
1760,44,1,4,high,12
1761,50,0,3,medium,9
1762,31,1,1,low,10
1763,56,0,2,medium,6
1764,32,1,3,high,10
1765,52,0,4,high,18
1766,41,0,2,high,16
1767,58,1,1,medium,7
1768,41,0,4,medium,12
1769,25,0,1,high,17
1770,21,1,3,low,11
1771,23,1,1,medium,17
1772,20,0,4,high,0
1773,36,0,4,low,13
1774,27,0,1,low,8
1775,22,1,1,medium,11
1776,40,0,4,medium,5
1777,30,0,4,high,10
1778,41,0,1,low,16
1779,50,1,2,low,9
1780,43,0,2,high,16
1781,47,1,2,high,15
1782,43,0,4,medium,12
1783,44,1,3,low,12
1784,28,0,1,low,8
1785,24,1,1,low,17
1786,57,0,3,high,19
1787,18,0,3,medium,0
1788,41,0,3,high,12
1789,50,1,1,medium,9
1790,31,0,1,high,10
1791,24,1,2,high,17
1792,56,1,3,low,6
1793,20,0,2,medium,0
1794,38,1,2,high,5
1795,39,1,1,high,5
1796,41,1,4,medium,12
1797,20,1,1,medium,0
1798,43,0,3,low,12
1799,43,1,3,high,12
1800,54,0,2,high,3
1801,48,1,3,high,9
1802,42,1,4,medium,12
1803,58,0,4,low,19
1804,27,0,3,low,8
1805,45,0,3,low,1
1806,47,1,3,medium,1
1807,18,1,2,high,0
1808,30,1,4,high,10
1809,47,0,2,low,15
1810,49,1,1,low,9
1811,44,1,1,medium,15
1812,55,0,3,high,6
1813,44,0,3,low,12
1814,56,1,4,low,6
1815,47,0,4,high,1
1816,38,0,2,high,5
1817,42,0,3,low,12
1818,57,1,3,medium,19
1819,38,1,4,medium,5
1820,52,1,1,low,3
1821,22,0,1,high,11
1822,57,0,2,high,7
1823,54,1,3,medium,6
1824,19,1,4,high,0
1825,21,0,2,low,11
1826,22,1,2,low,11
1827,29,1,3,medium,8
1828,30,0,3,high,10
1829,57,1,4,low,19
1830,26,0,2,low,4
1831,53,0,1,high,3
1832,34,0,2,low,2
1833,22,1,3,medium,11
1834,38,1,3,low,5
1835,50,1,2,high,9
1836,52,0,3,medium,18
1837,43,1,3,medium,12
1838,47,1,3,low,1
1839,56,1,2,medium,6
1840,58,1,3,high,19
1841,29,0,4,high,10
1842,26,1,2,medium,4
1843,33,1,4,low,13
1844,32,0,4,high,10
1845,44,1,1,high,15
1846,52,0,2,medium,3
1847,24,0,4,high,4
1848,52,0,1,low,3
1849,57,0,1,high,7
1850,29,1,3,high,8
1851,39,0,4,low,5
1852,40,0,3,low,5
1853,58,0,3,high,19
1854,40,1,4,medium,5
1855,34,0,2,high,2
1856,34,0,3,high,13
1857,34,1,2,high,2
1858,41,0,1,low,16
1859,50,1,2,medium,9
1860,51,1,3,medium,18
1861,44,1,4,medium,12
1862,25,0,1,high,17
1863,27,1,1,low,8
1864,40,1,1,medium,5
1865,44,1,1,low,15
1866,23,0,3,high,11
1867,58,0,2,low,7
1868,38,0,1,medium,5
1869,52,1,2,low,3
1870,57,0,4,high,19
1871,54,1,4,medium,6
1872,31,0,3,medium,10
1873,25,1,4,medium,4
1874,28,0,3,medium,8
1875,30,0,2,high,10
1876,38,1,1,high,5
1877,48,0,2,medium,9
1878,39,1,4,low,5
1879,51,1,2,medium,9
1880,56,1,1,high,7
1881,34,1,4,low,13
1882,33,0,3,high,2
1883,35,0,1,low,14
1884,56,0,2,high,6
1885,28,0,1,high,8
1886,23,1,1,low,17
1887,34,1,3,low,13
1888,43,0,2,low,16
1889,40,0,3,low,5
1890,24,0,4,medium,4
1891,42,1,2,medium,16
1892,57,0,3,low,19
1893,23,1,4,medium,11
1894,27,0,3,low,8
1895,48,1,1,high,9
1896,28,1,3,high,8
1897,18,0,2,low,0
1898,26,0,4,high,4
1899,51,0,2,high,9
1900,55,1,4,low,6
1901,32,1,4,low,10
1902,37,1,1,high,14
1903,53,1,2,medium,3
1904,20,1,3,medium,0
1905,24,1,3,medium,17
1906,55,1,4,medium,6
1907,44,0,3,low,12
1908,21,0,3,medium,11
1909,54,0,3,low,6
1910,40,0,3,medium,5
1911,37,0,2,low,14
1926,42,1,4,medium,12
1932,37,0,3,high,14
1939,21,1,1,low,11
1945,18,1,4,medium,0
1951,45,1,3,medium,1
1955,54,0,4,low,6
1972,51,1,1,high,3
1973,52,1,2,medium,3
1976,58,1,1,low,7
1991,57,1,2,medium,7
1995,56,1,1,medium,7
1998,34,1,4,medium,13
2001,41,1,4,low,12
2004,19,0,1,low,0
2007,49,1,3,medium,9
2009,34,0,3,high,13
2018,39,1,3,high,5
2024,34,0,1,medium,2
2027,52,0,3,high,18
2032,28,0,4,medium,8
2038,51,0,2,low,9
2039,25,0,3,low,4
2042,23,0,4,medium,11
2054,30,1,3,high,10
2068,37,0,2,low,14
2071,48,0,1,low,9
2072,34,1,1,medium,2
2081,33,0,1,low,2
2102,23,0,2,low,11
2111,59,0,4,low,19
2116,45,1,3,low,1
2117,49,0,1,high,9
2127,24,1,2,high,17
2128,34,1,1,high,2
2133,48,1,2,high,9
2135,50,0,4,medium,9
2138,20,1,4,high,0
2143,44,1,1,high,15
2153,29,1,3,low,8
2157,24,1,2,high,17
2171,43,0,1,medium,16
2174,22,1,2,medium,11
2180,59,1,1,high,7
2183,41,0,3,medium,12
2187,53,1,4,high,18
2189,20,1,1,high,0
2199,51,1,3,low,18
2203,45,0,4,medium,1
2223,25,1,4,low,4
2224,34,1,1,low,2
2225,25,1,4,low,4
2247,42,1,1,medium,16
2250,54,0,1,low,3
2254,18,1,4,medium,0
2264,22,1,1,medium,11
2267,29,0,3,low,8
2268,53,1,2,medium,3
2279,44,1,3,high,12
2283,25,0,2,low,17
2284,30,1,1,low,10
2289,38,1,2,high,5
2292,50,0,3,high,9
2302,40,1,3,high,5
2319,45,1,3,low,1
2327,31,0,3,low,10
2336,26,0,1,low,17
2337,58,0,1,medium,7
2364,42,0,4,medium,12
2378,29,1,2,medium,8
2384,33,0,2,medium,2
2398,38,0,1,medium,5
2417,55,0,4,medium,6
2436,51,1,2,low,9
2445,44,1,4,high,12
2447,53,1,4,medium,18
2451,47,1,4,medium,1
2458,27,1,3,medium,8
2459,43,1,4,medium,12
2461,53,1,2,medium,3
2463,27,0,4,high,4
2471,46,1,4,medium,1
2472,31,1,4,medium,10
2475,44,1,1,medium,15
2491,39,0,2,medium,5
2494,21,1,3,low,11
2498,32,0,3,medium,10
2502,48,0,1,medium,9
2508,40,1,4,medium,5
2510,29,1,2,high,8
2511,37,1,2,low,14
2529,37,0,2,low,14
2533,53,1,3,high,18
2538,37,0,2,high,14
2543,30,0,4,medium,10
2547,34,0,2,high,2
2571,38,0,2,medium,5
2583,30,1,2,low,10
2589,28,1,1,high,8
2598,50,0,4,medium,9
2617,43,0,3,low,12
2629,29,1,3,medium,8
2635,54,0,1,high,3
2636,45,1,4,medium,1
2640,35,0,2,medium,14
2643,41,1,3,medium,12
2647,26,1,3,medium,4
2649,30,1,3,medium,10
2653,29,0,3,medium,8
2660,49,0,1,low,9
2704,23,1,3,high,11
2740,26,0,3,low,4
427,18,1,2,medium,0
464,23,0,2,medium,11
549,50,1,3,high,9
351,53,0,4,low,18
364,19,1,3,medium,0
393,54,0,1,low,3
399,48,1,3,medium,9
441,49,1,3,high,9
476,26,1,4,low,4
501,56,1,4,high,6
564,48,0,2,low,9
349,40,0,3,medium,5
350,23,0,1,medium,17
352,43,1,1,medium,16
354,32,1,3,medium,10
355,56,0,2,medium,6
356,44,0,1,low,15
357,31,0,3,medium,10
358,48,0,2,high,9
359,28,1,1,low,8
360,19,0,4,medium,0
361,21,1,4,low,11
362,47,0,2,medium,15
365,55,1,1,high,3
367,31,0,2,high,10
368,46,0,1,medium,15
369,26,1,4,high,4
370,48,1,2,high,9
371,40,1,4,high,5
372,56,1,2,low,6
373,32,0,3,high,10
374,28,1,3,medium,8
375,55,0,1,low,3
377,45,0,4,high,1
378,22,1,4,low,11
379,26,0,4,low,4
380,56,0,1,medium,7
381,37,1,1,medium,14
382,23,0,2,low,11
383,33,1,3,high,2
384,46,1,1,medium,15
385,22,1,2,high,11
386,46,0,2,medium,15
387,23,0,1,medium,17
388,47,0,4,medium,1
390,25,1,3,low,4
391,29,1,2,low,8
392,23,1,2,high,11
394,57,0,1,high,7
395,27,1,3,high,8
396,28,1,2,high,8
397,54,1,2,medium,3
398,40,1,3,medium,5
400,39,0,1,high,5
401,41,1,3,low,12
402,24,0,4,high,4
403,22,1,2,high,11
404,28,0,3,low,8
405,21,1,2,low,11
406,58,1,1,medium,7
407,27,1,3,high,8
408,39,0,2,high,5
409,31,1,4,low,10
410,42,1,4,medium,12
411,24,1,2,low,17
412,38,0,3,medium,5
413,45,1,1,low,15
415,39,0,4,high,5
416,28,0,2,low,8
417,55,0,2,low,6
418,54,1,4,medium,6
419,42,0,1,low,16
421,28,0,4,high,8
422,40,1,3,high,5
423,32,0,4,medium,10
424,31,0,3,high,10
425,24,0,2,low,17
426,20,1,1,low,0
429,34,0,1,medium,2
430,32,1,3,high,10
431,41,1,2,high,16
432,59,1,2,low,7
433,55,0,2,high,6
434,48,1,1,high,9
435,51,1,4,medium,18
436,21,0,2,high,11
437,22,1,2,high,11
438,34,1,3,low,13
439,34,1,4,high,13
440,53,0,1,high,3
442,42,0,2,low,16
443,19,0,3,low,0
444,27,0,2,medium,8
445,21,1,3,high,11
446,29,1,1,low,8
447,33,0,2,low,2
448,43,0,2,high,16
449,27,0,3,high,8
450,45,0,1,low,15
451,40,1,2,high,5
452,24,0,3,low,17
453,18,1,4,medium,0
454,56,0,4,low,6
455,48,1,4,medium,1
456,45,0,3,high,1
457,23,0,3,low,11
458,26,1,4,medium,4
459,57,1,1,low,7
460,29,0,2,high,8
461,46,1,4,high,1
462,26,0,4,medium,4
463,40,1,3,high,5
465,30,1,2,high,10
466,54,0,4,high,6
467,21,0,3,medium,11
468,41,0,4,high,12
469,48,0,2,medium,9
470,51,1,4,high,18
471,19,0,1,medium,0
472,41,1,2,low,16
473,58,1,1,high,7
474,36,0,2,high,14
477,34,1,2,low,2
478,19,0,3,low,0
479,35,1,3,high,13
480,51,1,3,low,18
481,50,1,2,medium,9
482,29,0,2,medium,8
485,34,0,2,medium,2
486,27,0,2,high,8
487,43,1,3,high,12
488,20,1,4,low,0
489,19,1,3,medium,0
490,57,0,1,low,7
491,22,1,3,high,11
492,27,0,2,low,8
493,34,1,3,high,13
494,52,1,3,high,18
495,23,1,3,medium,11
496,26,0,3,high,4
497,33,0,1,high,2
498,25,0,4,low,4
499,33,1,2,medium,2
500,50,0,2,medium,9
502,57,0,1,medium,7
503,51,0,2,medium,9
504,44,1,3,high,12
505,45,1,4,low,1
506,48,1,2,medium,9
507,41,0,4,high,12
508,38,1,2,high,5
509,21,1,2,medium,11
510,33,1,4,medium,13
511,29,1,2,high,8
512,40,0,3,high,5
513,19,0,1,medium,0
514,58,1,3,low,19
515,38,0,2,high,5
516,26,1,1,medium,17
518,33,0,2,low,2
519,43,1,4,medium,12
520,59,0,3,low,19
521,56,1,3,low,6
522,19,0,1,medium,0
523,36,0,2,high,14
524,48,0,4,medium,1
525,22,1,1,low,11
527,28,1,3,high,8
528,57,1,1,medium,7
529,57,1,4,high,19
530,54,1,3,low,6
531,21,1,1,high,11
532,48,0,2,low,9
533,24,1,4,low,4
534,21,0,1,medium,11
535,38,1,1,low,5
536,26,0,1,medium,17
537,35,1,3,high,13
539,26,1,1,low,17
540,42,0,1,high,16
541,38,0,4,low,5
542,41,0,1,low,16
543,32,1,4,low,10
544,49,0,1,high,9
545,19,1,3,medium,0
546,32,0,1,high,2
547,54,0,2,high,3
548,38,0,2,high,5
550,20,1,1,low,0
551,19,1,4,high,0
552,54,0,1,low,3
553,31,1,1,medium,10
554,52,0,4,medium,18
555,43,1,1,high,16
556,50,1,2,high,9
557,59,1,2,medium,7
558,29,1,3,medium,8
559,25,1,4,high,4
560,52,0,3,medium,18
561,47,0,1,low,15
562,39,1,3,high,5
565,39,1,3,high,5
567,41,1,4,medium,12
568,22,0,3,medium,11
569,18,1,4,low,0
570,47,1,1,medium,15
571,45,0,2,low,15
572,21,0,2,medium,11
591,42,1,1,medium,16
656,48,0,1,low,9
669,39,0,3,low,5
604,20,0,1,medium,0
645,22,1,4,low,11
646,56,1,1,high,7
666,57,0,1,low,7
683,24,0,1,low,17
587,40,1,3,medium,5
590,52,1,3,low,18
614,18,1,3,high,0
634,56,1,1,low,7
680,19,1,3,high,0
586,50,1,1,low,9
610,26,1,1,high,17
652,30,1,2,low,10
673,51,1,4,high,18
676,52,1,1,medium,3
620,41,0,4,high,12
574,33,1,2,low,2
630,52,0,1,low,3
678,20,0,2,medium,0
593,29,0,2,high,8
609,42,1,3,high,12
573,43,1,4,medium,12
575,42,0,3,low,12
576,58,1,3,medium,19
577,39,0,1,medium,5
578,37,0,1,medium,14
579,59,1,1,low,7
581,30,1,4,low,10
582,30,1,4,high,10
583,59,0,2,medium,7
584,35,0,3,low,13
585,42,0,3,high,12
588,32,0,1,medium,2
589,25,0,3,high,4
592,35,1,4,high,13
594,35,0,4,medium,13
595,43,1,1,high,16
597,54,0,4,medium,6
598,19,0,3,medium,0
599,31,0,4,medium,10
600,58,0,1,low,7
602,48,1,4,high,1
603,39,0,3,low,5
605,30,1,3,high,10
607,25,1,3,medium,4
608,41,1,3,low,12
611,43,1,2,low,16
612,42,0,4,medium,12
613,58,0,3,low,19
615,36,0,1,high,14
616,22,0,4,low,11
617,21,0,2,low,11
618,32,1,1,high,2
619,22,1,4,medium,11
621,35,1,2,medium,14
622,51,0,2,low,9
623,55,1,1,low,3
624,48,0,1,high,9
625,47,0,2,medium,15
626,58,0,1,medium,7
627,29,0,1,low,8
628,45,1,1,low,15
631,58,0,2,low,7
632,50,1,1,low,9
633,55,1,2,high,6
635,51,0,4,medium,18
636,57,1,2,high,7
638,51,0,3,medium,18
639,23,1,2,medium,11
640,56,0,4,medium,6
642,39,1,4,low,5
643,50,0,4,low,9
644,28,1,2,high,8
647,46,0,4,low,1
648,50,1,3,medium,9
650,52,1,1,high,3
653,34,1,2,low,2
654,45,1,1,high,15
655,42,0,4,high,12
657,37,1,2,low,14
658,25,0,4,low,4
659,40,0,1,low,5
660,51,1,1,medium,3
661,57,1,2,high,7
662,24,1,3,low,17
663,46,1,4,low,1
664,52,1,2,medium,3
665,43,0,3,high,12
667,48,0,2,low,9
668,39,0,2,low,5
670,53,1,3,medium,18
671,25,0,4,low,4
672,39,0,2,high,5
674,24,1,1,medium,17
675,25,1,2,high,17
677,53,0,3,medium,18
679,30,0,4,high,10
681,49,0,2,high,9
682,50,1,2,high,9
684,49,0,3,medium,9
685,41,1,2,low,16
1967,31,1,4,high,10
3437,33,1,4,high,13
3454,37,1,1,high,14
3487,31,0,2,low,10
3723,31,1,3,low,10
3861,52,0,1,low,3
3961,31,1,1,high,10
3980,48,0,3,medium,9
3989,48,1,4,low,1
4011,40,0,3,medium,5
4031,23,0,4,medium,11
686,46,1,1,high,15
687,45,0,3,high,1
688,21,0,1,medium,11
689,28,1,2,medium,8
690,26,1,1,medium,17
691,45,1,4,low,1
692,52,0,1,high,3
693,51,0,2,high,9
694,38,1,4,high,5
695,42,1,3,low,12
696,51,1,2,medium,9
697,42,1,3,low,12
698,51,1,3,high,18
699,27,1,3,low,8
700,33,1,3,high,2
701,26,0,4,low,4
702,37,0,3,medium,14
703,20,0,1,high,0
704,53,1,1,low,3
705,33,1,2,high,2
706,37,1,3,medium,14
707,27,0,2,medium,8
708,28,0,3,medium,8
709,51,0,3,high,18
710,46,1,1,medium,15
711,33,0,2,low,2
712,47,1,2,medium,15
713,26,1,2,medium,4
714,58,1,3,medium,19
715,55,0,2,medium,6
716,50,0,2,medium,9
717,23,0,2,low,11
718,19,1,4,low,0
719,40,1,4,high,5
720,48,0,2,low,9
721,29,0,3,low,8
722,19,1,2,high,0
723,23,1,3,low,11
724,48,0,1,low,9
725,59,0,3,medium,19
726,33,1,2,high,2
727,28,0,2,low,8
728,47,0,1,high,15
729,48,1,2,high,9
730,38,1,3,medium,5
731,59,1,2,low,7
732,53,0,3,medium,18
733,29,1,1,low,8
734,29,0,1,low,8
735,37,1,3,low,14
736,41,1,4,low,12
737,22,1,3,low,11
738,36,0,2,high,14
739,42,0,4,high,12
740,24,0,1,medium,17
741,30,1,3,high,10
742,25,0,1,high,17
743,51,0,4,low,18
744,41,1,2,low,16
745,28,1,1,low,8
746,42,0,3,high,12
747,30,1,4,high,10
748,50,0,1,high,9
749,57,0,4,low,19
750,29,1,2,high,8
751,24,0,2,low,17
752,58,1,4,low,19
753,42,1,2,medium,16
754,47,0,4,high,1
755,46,1,1,medium,15
756,59,0,1,medium,7
757,53,1,3,medium,18
758,26,0,1,high,17
759,24,1,1,medium,17
760,43,0,2,high,16
761,22,1,3,high,11
762,55,0,2,medium,6
763,23,1,4,high,11
764,27,0,1,low,8
765,45,0,4,high,1
766,34,0,2,high,2
767,24,0,2,low,17
768,37,1,2,high,14
769,57,0,2,high,7
770,48,1,2,low,9
771,42,1,3,low,12
772,28,1,2,high,8
773,25,0,3,medium,4
774,58,0,2,high,7
775,22,1,1,medium,11
776,41,0,2,low,16
777,38,1,2,medium,5
778,23,1,2,medium,11
779,51,0,3,low,18
780,47,0,1,low,15
781,56,0,2,medium,6
782,50,0,2,medium,9
783,56,1,3,high,6
784,28,0,2,medium,8
785,26,0,1,low,17
786,58,1,1,high,7
787,42,0,4,low,12
788,18,0,4,low,0
789,52,1,3,high,18
790,20,1,4,low,0
791,54,1,2,high,3
792,33,1,2,medium,2
793,43,0,4,high,12
794,57,1,4,medium,19
795,28,0,4,low,8
796,50,1,3,low,9
797,34,1,3,medium,13
798,26,0,4,high,4
799,38,1,2,medium,5
800,42,0,4,low,12
801,51,1,3,low,18
802,40,1,3,medium,5
803,19,1,1,high,0
804,48,1,3,low,9
805,34,1,4,high,13
806,37,1,1,low,14
807,18,0,3,low,0
808,53,0,2,low,3
809,36,1,4,high,13
810,47,0,3,medium,1
811,21,1,1,medium,11
812,30,1,2,medium,10
813,50,0,2,medium,9
814,22,1,3,low,11
815,50,1,3,medium,9
816,23,1,1,high,17
817,40,0,3,low,5
818,52,0,3,medium,18
819,18,1,2,low,0
820,48,1,2,high,9
821,26,0,3,medium,4
822,22,0,3,low,11
823,54,0,3,high,6
824,36,1,1,medium,14
825,35,1,4,low,13
826,47,1,4,medium,1
827,58,0,3,high,19
828,52,1,2,high,3
829,23,1,2,low,11
830,42,0,1,medium,16
831,44,1,1,low,15
832,53,1,2,low,3
833,52,1,1,high,3
834,57,0,4,low,19
835,26,0,1,medium,17
836,40,0,2,medium,5
837,56,0,1,low,7
838,59,0,1,medium,7
839,19,0,4,high,0
840,48,1,1,high,9
841,35,0,3,medium,13
842,24,1,4,high,4
843,22,0,4,low,11
844,27,0,1,medium,8
845,22,1,2,high,11
846,22,0,1,high,11
847,20,0,2,medium,0
848,25,1,1,low,17
849,54,0,2,medium,3
850,24,1,1,low,17
851,49,1,2,low,9
852,41,1,4,medium,12
853,22,0,2,high,11
854,42,1,2,low,16
855,32,1,4,high,10
856,41,0,1,high,16
890,46,0,3,medium,1
857,53,1,2,low,3
858,52,0,1,low,3
859,29,1,1,low,8
860,41,1,1,medium,16
861,32,0,4,low,10
862,33,0,2,high,2
863,38,0,4,medium,5
864,43,1,2,low,16
865,36,1,3,high,14
866,19,0,3,low,0
867,25,0,3,high,4
868,31,0,2,high,10
869,23,0,2,high,11
870,41,1,3,high,12
871,51,1,1,low,3
872,53,1,3,medium,18
873,51,1,4,high,18
874,32,0,4,low,10
875,33,1,2,low,2
876,30,1,3,low,10
877,28,0,2,high,8
878,31,0,3,high,10
879,33,1,3,medium,2
880,59,1,4,medium,19
881,31,0,2,low,10
882,43,0,1,medium,16
883,36,1,4,low,13
884,31,1,2,low,10
885,20,0,3,high,0
886,28,0,1,low,8
887,41,1,1,high,16
888,47,1,3,medium,1
889,40,0,4,medium,5
891,39,1,1,low,5
892,25,0,4,high,4
893,19,0,2,high,0
894,35,1,2,medium,14
895,27,0,1,high,8
3456,39,0,1,high,5
3495,20,1,4,low,0
3586,52,1,4,low,18
3621,36,1,4,low,13
3626,50,0,3,medium,9
3797,49,0,4,high,9
3501,55,1,1,medium,3
3517,27,0,2,high,8
3550,37,1,4,medium,14
3577,40,1,2,low,5
3592,28,1,1,high,8
3609,44,1,4,high,12
3633,24,1,1,low,17
3677,19,1,3,medium,0
3684,41,0,4,high,12
3721,36,0,3,medium,14
3779,29,0,3,high,8
3872,34,0,1,low,2
3948,47,0,3,high,1
2678,19,1,4,medium,0
2760,20,1,2,low,0
2822,44,0,2,medium,15
2883,35,1,4,high,13
2941,43,0,2,medium,16
2968,54,1,4,medium,6
3005,23,0,2,medium,11
3057,31,1,1,low,10
3136,31,1,2,medium,10
3164,33,1,4,medium,13
3222,50,1,3,medium,9
3245,45,0,1,low,15
3248,56,0,2,high,6
3263,47,0,2,low,15
3278,19,1,4,medium,0
3328,47,0,3,medium,1
3361,38,0,1,low,5
3440,23,0,4,low,11
3525,38,0,1,high,5
3540,18,0,1,low,0
3556,23,1,3,high,11
3561,24,1,4,medium,4
3651,58,0,4,high,19
3674,55,1,3,medium,6
3692,56,1,3,medium,6
3741,40,1,1,high,5
3750,52,1,4,low,18
3756,19,0,1,medium,0
3830,55,0,2,high,6
3851,58,1,3,medium,19
3877,40,0,4,low,5
3886,30,1,3,low,10
3943,19,1,2,low,0
3962,51,0,3,medium,18
2677,44,1,1,medium,15
2826,50,1,2,low,9
2724,38,1,4,low,5
2752,28,0,3,low,8
2775,49,1,1,low,9
2869,22,1,2,high,11
2892,52,0,1,low,3
2962,45,0,4,medium,1
3001,54,1,3,low,6
3019,37,1,1,high,14
3100,20,0,1,high,0
3162,57,0,1,low,7
3168,36,1,4,high,13
3233,47,1,2,low,15
3295,34,1,1,high,2
3304,38,0,2,low,5
3331,33,0,3,high,2
3366,26,0,2,low,4
3404,47,0,4,high,1
3406,41,0,2,low,16
3412,19,1,2,low,0
2813,50,0,4,low,9
2971,29,0,3,high,8
3034,33,0,4,high,13
3178,33,0,2,medium,2
3410,21,1,3,medium,11
3420,46,1,1,high,15
2976,39,1,3,low,5
3011,25,1,1,medium,17
3179,28,1,2,high,8
3289,26,1,1,medium,17
1920,49,1,3,high,9
1941,19,0,2,high,0
1948,49,0,4,low,9
1959,36,0,3,medium,14
2028,42,0,1,medium,16
2047,52,0,4,low,18
2053,52,1,1,medium,3
2065,44,1,4,low,12
2087,37,1,3,medium,14
2125,30,1,2,low,10
2132,40,1,3,high,5
2134,20,0,1,low,0
2148,27,0,4,medium,4
2149,41,0,3,low,12
2169,49,0,4,medium,9
2191,52,1,2,medium,3
2194,36,1,3,medium,14
2196,24,0,2,high,17
2198,25,1,1,high,17
2239,59,0,1,high,7
2266,59,0,4,medium,19
2282,21,0,2,medium,11
2285,42,1,1,high,16
2293,52,1,4,medium,18
2315,45,1,4,high,1
2328,57,0,3,low,19
2332,47,1,2,high,15
2333,29,0,4,high,10
2338,26,1,2,high,4
2347,33,1,4,medium,13
2351,53,0,4,high,18
2368,44,0,4,medium,12
2372,26,0,3,medium,4
2385,18,1,3,medium,0
2399,33,0,1,low,2
2420,40,0,3,low,5
2496,54,0,2,low,3
2501,44,0,3,medium,12
2509,53,1,3,low,18
2512,20,0,1,medium,0
2516,39,0,2,high,5
2530,22,0,1,medium,11
2542,33,0,2,low,2
2555,18,0,2,low,0
2567,22,0,3,low,11
2592,51,0,3,medium,18
2597,18,1,1,high,0
2608,57,1,4,low,19
2642,21,1,2,high,11
2725,35,0,1,medium,14
2734,30,1,1,high,10
2764,38,1,1,medium,5
2964,51,0,3,medium,18
3020,39,0,4,low,5
3062,20,0,3,high,0
3079,55,0,4,medium,6
3165,26,0,1,high,17
3205,47,1,1,high,15
3258,46,0,4,medium,1
3386,45,1,4,high,1
3409,32,0,1,low,2
2693,58,1,4,medium,19
2979,33,0,2,high,2
3101,40,1,4,low,5
3265,31,1,1,medium,10
3385,22,1,4,medium,11
1913,44,0,3,high,12
1916,33,1,3,medium,2
1940,58,1,3,medium,19
1947,34,1,4,low,13
1954,48,1,4,low,1
1994,21,1,1,high,11
2002,58,1,2,high,7
2010,46,0,1,high,15
2026,19,1,1,low,0
2052,31,0,4,high,10
2062,35,0,1,high,14
2101,52,0,1,medium,3
2137,21,0,2,medium,11
2144,18,0,4,high,0
2151,44,1,4,high,12
2163,21,1,4,low,11
2176,57,1,1,high,7
2215,49,0,4,high,9
2241,54,1,3,high,6
2246,48,1,3,medium,9
2273,43,0,4,medium,12
2294,43,0,2,medium,16
2295,54,1,3,low,6
2298,27,1,1,low,8
2343,49,1,4,medium,9
2344,39,0,2,high,5
2355,39,1,1,low,5
2377,47,1,4,medium,1
2389,42,1,3,high,12
2394,40,1,2,medium,5
2413,52,1,4,high,18
2419,53,1,2,high,3
2465,45,1,4,high,1
2468,52,1,1,low,3
2519,45,0,3,high,1
2544,36,1,4,medium,13
2582,24,0,2,high,17
2588,36,1,4,medium,13
2594,26,0,1,medium,17
2605,46,0,4,low,1
2609,19,0,4,low,0
2616,59,1,1,medium,7
2903,59,1,4,low,19
2938,52,1,3,medium,18
2999,35,1,3,medium,13
3201,21,0,2,low,11
3319,36,0,1,medium,14
3355,36,1,2,medium,14
3097,44,1,4,high,12
2707,55,0,4,high,6
3111,38,1,3,high,5
3186,32,1,1,high,2
2661,55,1,1,low,3
2662,49,1,1,high,9
2663,45,1,2,low,15
2664,48,1,3,low,9
2665,50,0,3,high,9
2666,51,1,3,high,18
2667,47,1,3,high,1
2668,57,0,1,low,7
2669,41,0,1,high,16
2670,39,0,4,low,5
2671,51,0,1,medium,3
2672,39,1,4,low,5
2673,43,1,4,low,12
2674,26,0,3,medium,4
2675,42,0,3,low,12
2676,44,1,2,medium,15
2679,50,1,4,low,9
2680,51,1,1,high,3
2681,27,0,3,medium,8
2682,45,0,4,medium,1
2683,37,1,1,low,14
2684,31,1,2,low,10
2685,56,0,2,low,6
2686,21,0,2,medium,11
2687,45,0,1,medium,15
2688,40,1,3,high,5
2689,52,0,1,low,3
2690,58,1,3,low,19
2691,32,1,3,low,10
2692,25,0,4,high,4
2694,59,1,4,low,19
2695,32,0,1,medium,2
2696,37,1,2,low,14
2697,34,1,2,high,2
2698,31,0,2,low,10
2699,57,1,1,low,7
2700,46,0,4,medium,1
2701,21,0,2,low,11
2702,36,1,2,medium,14
2703,27,0,3,high,8
2705,54,0,2,medium,3
2706,49,1,2,low,9
2708,43,1,1,low,16
2709,48,0,3,high,9
2710,59,1,1,high,7
2711,50,1,4,medium,9
2712,36,1,4,high,13
2713,45,1,1,medium,15
2714,58,1,2,low,7
2715,39,0,2,high,5
2716,44,1,3,low,12
2717,25,1,2,high,17
2718,40,0,1,low,5
2719,26,0,1,medium,17
2720,57,0,2,medium,7
2721,27,1,4,high,4
2722,54,0,2,high,3
2723,53,0,4,low,18
2726,54,0,4,high,6
2727,42,0,4,high,12
2728,54,0,1,medium,3
2729,23,0,2,high,11
2730,53,0,4,medium,18
2731,49,0,1,high,9
2732,25,1,2,medium,17
2733,46,0,1,low,15
2735,46,0,2,low,15
2736,38,1,2,high,5
2737,45,1,3,high,1
2738,30,0,4,medium,10
2739,31,0,4,low,10
2741,21,0,3,low,11
2742,42,0,1,low,16
2743,20,0,4,low,0
2744,41,1,1,high,16
2745,34,0,2,low,2
2746,33,0,2,medium,2
2747,28,0,1,high,8
2748,57,0,2,high,7
2749,47,0,2,high,15
2750,44,0,1,low,15
2751,58,1,1,medium,7
2753,34,0,3,low,13
2754,22,0,4,medium,11
2755,23,1,1,high,17
2756,49,1,3,medium,9
2757,53,0,3,high,18
2758,56,1,1,medium,7
2759,58,0,3,low,19
2761,24,1,2,high,17
2762,35,1,3,low,13
2763,39,0,1,low,5
2765,48,1,1,high,9
2766,53,1,4,medium,18
2767,58,0,4,medium,19
2768,41,1,3,high,12
2769,44,0,2,medium,15
2770,41,0,2,low,16
2771,54,0,1,high,3
2772,25,0,3,low,4
2773,28,0,2,high,8
2774,53,0,2,low,3
2776,57,1,3,medium,19
2777,27,1,1,medium,8
2778,52,0,3,medium,18
2779,51,0,1,medium,3
2780,53,1,2,medium,3
2781,19,1,4,medium,0
2782,57,1,4,high,19
2783,47,1,4,medium,1
2784,52,0,3,high,18
2785,37,0,1,low,14
2786,20,0,1,low,0
2787,19,1,1,high,0
2788,47,0,2,low,15
2789,25,1,4,medium,4
2790,19,1,3,medium,0
2791,35,0,1,medium,14
2792,54,1,3,low,6
2793,21,1,4,medium,11
2794,59,1,1,high,7
2795,36,0,3,low,14
2796,26,1,2,low,4
2797,53,0,4,low,18
2798,29,1,2,high,8
2799,20,0,3,high,0
2800,51,0,2,low,9
2801,38,1,1,low,5
2802,58,0,3,high,19
2803,52,0,3,high,18
2804,23,0,3,medium,11
2805,54,0,4,high,6
2806,25,1,3,medium,4
2807,31,0,2,high,10
2808,49,0,3,low,9
2809,53,1,3,medium,18
2810,37,0,2,high,14
2811,32,1,1,medium,2
2812,25,0,2,high,17
2815,37,0,4,medium,14
2816,40,1,1,medium,5
2817,46,1,4,low,1
2818,53,1,2,high,3
2819,37,0,3,low,14
2820,46,0,1,medium,15
2821,53,1,2,high,3
2823,47,1,4,high,1
2824,53,1,4,medium,18
2825,44,0,4,high,12
2827,54,1,3,high,6
2828,29,0,2,high,8
2829,37,0,1,high,14
2830,36,0,1,high,14
2831,52,0,4,high,18
2832,56,0,3,high,6
2833,31,1,4,high,10
2834,27,0,4,high,4
2835,26,0,3,medium,4
2836,35,0,1,medium,14
2837,54,0,1,low,3
2839,57,0,4,medium,19
2840,27,0,2,low,8
2841,58,1,2,high,7
2842,42,0,3,high,12
2843,34,1,3,low,13
2844,45,1,4,low,1
2845,48,1,4,high,1
2846,38,1,2,high,5
2847,57,0,4,medium,19
2848,44,1,1,medium,15
2849,35,1,3,low,13
2850,23,0,2,low,11
2851,27,1,1,low,8
2852,43,0,1,medium,16
2853,51,1,2,low,9
2854,24,0,3,high,17
2855,53,1,3,medium,18
2856,18,1,4,high,0
2857,47,1,4,low,1
2858,49,1,1,medium,9
2859,41,1,1,high,16
2860,31,1,3,medium,10
2861,37,0,1,low,14
2862,21,1,4,high,11
2863,41,1,2,low,16
2864,25,0,4,medium,4
2865,51,0,3,medium,18
2866,19,1,3,low,0
2867,30,1,4,high,10
2868,35,1,3,high,13
2870,32,1,3,medium,10
2871,59,1,4,low,19
2872,42,0,2,low,16
2873,25,0,2,medium,17
2874,27,1,3,low,8
2875,24,1,3,low,17
2876,43,1,3,low,12
2877,18,1,2,high,0
2878,20,1,4,medium,0
2879,31,0,4,high,10
2880,40,0,3,high,5
2881,35,0,4,high,13
2882,30,0,3,high,10
2884,35,0,4,low,13
2886,57,0,2,medium,7
2887,56,1,3,high,6
2888,21,0,2,low,11
2889,56,0,2,low,6
2890,31,1,3,high,10
2891,22,1,4,medium,11
2893,46,1,1,medium,15
2894,39,0,4,high,5
2895,43,1,4,medium,12
2896,46,1,3,low,1
2897,40,1,2,high,5
2898,48,1,4,high,1
2899,39,1,3,low,5
2900,46,0,3,low,1
2901,23,1,3,low,11
2902,22,0,1,high,11
2904,47,0,2,high,15
2905,36,1,3,high,14
2906,20,1,4,low,0
2907,42,0,3,medium,12
2908,27,0,3,medium,8
2909,50,0,2,high,9
2910,53,0,3,high,18
2911,59,1,4,high,19
2912,51,0,1,medium,3
2913,20,1,3,low,0
2914,24,1,1,high,17
2915,59,1,2,medium,7
2916,47,1,3,medium,1
2917,51,0,2,high,9
2918,43,0,1,medium,16
2919,39,0,1,medium,5
2920,29,1,3,low,8
2921,47,1,4,medium,1
2922,26,1,4,medium,4
2923,19,1,3,medium,0
2924,45,1,1,low,15
2925,45,0,2,high,15
2926,44,1,1,high,15
2927,24,0,3,medium,17
2928,38,0,2,high,5
2929,35,1,4,medium,13
2930,38,1,4,low,5
2931,30,0,2,medium,10
2932,35,0,1,low,14
2933,25,0,3,medium,4
2934,32,1,2,medium,2
2935,32,1,3,low,10
2936,55,1,1,low,3
2937,43,0,3,low,12
2939,32,1,4,low,10
2940,48,0,3,medium,9
2942,26,0,1,medium,17
2943,34,1,1,low,2
2944,40,1,1,medium,5
2945,41,0,4,medium,12
2946,39,0,1,medium,5
2947,34,1,2,low,2
2948,51,0,2,medium,9
2949,21,1,1,low,11
2950,49,0,4,medium,9
2951,55,0,3,low,6
2952,50,0,1,low,9
2953,54,0,3,medium,6
2954,49,0,4,low,9
2955,48,1,2,high,9
2956,47,0,2,medium,15
2957,39,1,3,low,5
2958,56,0,2,medium,6
2959,19,0,2,medium,0
2960,50,1,2,medium,9
2961,54,0,2,high,3
2963,24,1,3,high,17
2965,59,1,2,high,7
2966,25,0,2,medium,17
2967,34,1,1,low,2
2969,59,0,2,medium,7
2970,53,1,2,high,3
2972,52,1,4,low,18
2973,29,1,3,high,8
2974,29,0,3,high,8
2975,42,0,3,low,12
2977,55,0,2,medium,6
2978,23,0,2,medium,11
2980,25,0,3,low,4
2981,36,1,2,medium,14
2982,23,1,1,low,17
2983,20,1,1,high,0
2984,32,1,2,high,2
2985,28,1,1,high,8
2986,43,0,1,high,16
2987,26,1,2,low,4
2988,20,0,4,low,0
2989,47,1,3,high,1
2990,22,1,2,low,11
2991,48,0,2,high,9
2992,26,0,2,high,4
2993,42,0,2,high,16
2994,46,0,1,high,15
2995,34,1,2,medium,2
2996,42,1,4,medium,12
2997,51,0,4,high,18
2998,57,1,4,medium,19
3000,54,0,1,medium,3
3002,19,1,2,low,0
3004,32,1,2,medium,2
3006,39,0,1,low,5
3007,20,0,4,medium,0
3008,39,1,1,medium,5
3009,38,1,2,high,5
3010,59,0,4,high,19
3012,25,0,2,high,17
3013,37,1,4,low,14
3014,35,0,1,high,14
3015,56,0,3,medium,6
3016,43,0,4,low,12
3017,31,0,4,low,10
3018,36,1,3,medium,14
3021,51,1,3,high,18
3022,34,0,2,high,2
3023,24,1,4,medium,4
3024,38,0,3,high,5
3025,30,1,2,medium,10
3026,21,0,2,medium,11
3027,41,0,3,medium,12
3028,52,1,2,high,3
3029,41,1,3,high,12
3030,20,1,4,high,0
3031,22,1,4,low,11
3032,28,0,3,low,8
3033,20,1,3,high,0
3035,50,0,2,low,9
3036,25,0,3,low,4
3037,33,1,3,low,2
3038,38,1,4,medium,5
3039,53,1,4,high,18
3040,56,1,2,low,6
3041,39,1,1,high,5
3042,20,0,2,low,0
3043,41,1,4,high,12
3044,23,0,3,high,11
3045,53,0,3,low,18
3046,36,1,3,high,14
3047,36,0,4,high,13
3048,19,1,3,medium,0
3049,57,1,2,low,7
3050,45,1,1,high,15
3051,25,1,2,high,17
3052,52,1,1,high,3
3053,35,1,4,high,13
3054,29,0,4,low,10
3055,31,1,4,low,10
3056,19,1,2,high,0
3058,54,0,2,low,3
3059,19,0,4,low,0
3060,37,0,1,high,14
3061,45,1,4,medium,1
3063,43,0,3,high,12
3064,34,0,3,high,13
3065,20,0,1,medium,0
3066,52,0,2,medium,3
3067,24,1,1,low,17
3068,19,1,3,low,0
3069,56,1,2,low,6
3070,19,0,3,medium,0
3071,40,1,4,high,5
3072,37,0,2,medium,14
3073,19,1,3,low,0
3074,36,0,4,low,13
3075,50,1,3,high,9
3076,46,0,1,medium,15
3077,42,1,1,medium,16
3078,22,0,2,low,11
3080,37,1,1,low,14
3081,20,0,2,medium,0
3082,57,0,3,medium,19
3083,52,0,1,medium,3
3084,41,0,2,medium,16
3085,53,1,1,high,3
3086,52,1,1,low,3
3087,40,0,2,low,5
3088,25,0,2,high,17
3089,49,1,2,low,9
3090,57,0,1,high,7
3091,34,1,3,medium,13
3092,47,1,2,low,15
3093,55,0,4,high,6
3094,30,0,3,low,10
3095,53,0,4,medium,18
3096,57,1,2,medium,7
3098,26,1,4,medium,4
3099,39,1,4,high,5
3102,49,1,3,high,9
3103,20,1,2,medium,0
3104,55,1,4,medium,6
3105,36,1,2,medium,14
3106,57,0,1,low,7
3107,32,0,1,high,2
3108,49,0,2,high,9
3109,47,1,2,high,15
3110,27,1,2,medium,8
3112,36,1,3,high,14
3113,27,1,2,medium,8
3114,49,0,2,medium,9
3115,54,0,4,high,6
3116,21,1,2,medium,11
3117,55,1,4,high,6
3118,23,1,1,high,17
3119,45,0,3,medium,1
3120,50,0,4,high,9
3121,53,0,3,high,18
3122,51,1,3,high,18
3123,34,1,4,low,13
3124,53,0,3,low,18
3125,43,1,2,high,16
3126,55,1,3,medium,6
3127,44,1,2,low,15
3128,35,0,4,medium,13
3129,54,1,4,medium,6
3130,25,1,4,medium,4
3131,39,1,1,medium,5
3132,38,1,2,medium,5
3133,28,0,1,high,8
3134,36,0,1,medium,14
3135,50,1,1,medium,9
3137,46,0,2,medium,15
3138,56,1,3,medium,6
3139,48,0,1,medium,9
3140,54,1,2,high,3
3141,53,1,2,low,3
3142,53,0,3,low,18
3143,28,0,2,medium,8
3144,30,0,1,high,10
3145,30,0,1,high,10
3146,19,0,3,medium,0
3147,58,0,3,medium,19
3148,53,1,4,medium,18
3149,19,0,2,low,0
3150,24,0,3,low,17
3151,38,1,4,medium,5
3152,33,0,2,low,2
3153,49,1,4,low,9
3154,30,1,4,low,10
3155,27,0,3,high,8
3156,38,1,2,low,5
3157,29,0,2,low,8
3158,31,0,1,medium,10
3159,40,0,4,low,5
3160,24,0,2,low,17
3161,52,1,3,high,18
3163,54,1,4,medium,6
3166,30,0,1,high,10
3167,44,0,1,low,15
3169,43,0,3,high,12
3170,42,1,3,high,12
3171,22,1,4,low,11
3172,50,1,3,high,9
3174,28,1,3,medium,8
3175,24,0,2,high,17
3176,18,0,4,low,0
3177,52,0,3,low,18
3180,49,0,3,medium,9
3181,47,0,2,high,15
3182,45,1,1,low,15
3183,42,1,3,low,12
3184,49,0,4,high,9
3185,52,0,3,high,18
3187,25,1,2,medium,17
3188,22,0,2,high,11
3189,32,1,3,low,10
3190,54,1,1,high,3
3191,47,1,2,low,15
3192,34,1,1,medium,2
3193,22,0,3,low,11
3194,55,0,4,high,6
3195,41,0,3,medium,12
3196,48,0,2,medium,9
3197,38,1,4,low,5
3198,29,1,2,medium,8
3199,37,1,1,medium,14
3200,47,1,4,high,1
3202,21,0,4,low,11
3203,24,1,2,low,17
3204,44,0,2,medium,15
3206,35,1,4,high,13
3207,22,1,3,high,11
3208,37,0,3,low,14
3209,47,1,2,medium,15
3210,38,1,4,medium,5
3211,38,1,1,medium,5
3212,28,0,3,medium,8
3213,32,0,2,low,2
3214,40,1,1,low,5
3215,26,1,4,low,4
3216,21,1,4,low,11
3217,59,1,4,high,19
3218,38,1,4,low,5
3219,24,0,1,medium,17
3220,26,0,2,low,4
3221,37,1,3,medium,14
3223,30,0,4,high,10
3224,49,1,3,medium,9
3225,18,0,3,medium,0
3226,23,0,1,high,17
3227,51,0,4,high,18
3228,52,0,2,high,3
3229,31,0,1,high,10
3230,46,1,1,high,15
3231,57,0,1,low,7
3232,18,0,2,high,0
3234,55,0,4,low,6
3235,50,1,3,medium,9
3236,41,0,1,high,16
3237,33,1,3,high,2
3238,55,0,3,medium,6
3239,31,0,1,medium,10
3240,31,1,2,high,10
3241,21,0,4,high,11
3242,48,0,2,high,9
3243,56,0,2,low,6
3244,47,1,3,medium,1
3246,42,1,3,low,12
3247,24,0,1,medium,17
3249,32,0,1,medium,2
3250,44,1,3,low,12
3251,43,0,3,high,12
3252,58,0,2,high,7
3253,20,1,1,low,0
3254,28,0,2,medium,8
3255,20,1,1,low,0
3256,32,0,1,high,2
3257,41,1,4,low,12
3259,36,1,2,low,14
3260,43,1,2,high,16
3261,39,1,4,low,5
3262,44,1,3,low,12
3264,30,1,4,medium,10
3266,21,0,3,medium,11
3267,59,0,4,medium,19
3268,53,0,1,low,3
3269,35,0,4,low,13
3270,35,1,4,medium,13
3271,28,0,4,high,8
3272,51,0,4,high,18
3273,23,0,3,medium,11
3274,56,1,4,high,6
3275,23,1,2,medium,11
3276,27,1,1,medium,8
3277,44,1,4,high,12
3279,31,0,3,medium,10
3280,54,0,2,medium,3
3281,33,1,3,low,2
3282,54,1,2,high,3
3283,48,1,1,low,9
3284,48,1,1,high,9
3285,40,0,1,low,5
3286,42,1,4,medium,12
3287,43,1,3,high,12
3288,19,0,4,medium,0
3291,46,0,1,low,15
3292,57,0,1,high,7
3293,36,1,4,low,13
3294,48,0,4,medium,1
3296,25,1,1,medium,17
3297,30,0,2,low,10
3298,21,1,1,medium,11
3299,34,1,4,high,13
3300,25,1,3,medium,4
3301,42,0,4,low,12
3302,56,1,4,medium,6
3303,47,1,4,medium,1
3305,56,1,2,low,6
3306,33,1,2,high,2
3307,40,1,2,medium,5
3308,22,1,4,medium,11
3309,35,0,3,medium,13
3310,35,0,1,low,14
3311,23,1,3,low,11
3312,57,0,1,low,7
3313,41,1,1,low,16
3314,45,1,1,high,15
3315,35,0,4,medium,13
3316,38,0,4,high,5
3317,40,1,4,medium,5
3318,44,0,1,low,15
3320,43,0,2,low,16
3321,34,1,3,high,13
3322,57,1,3,medium,19
3323,48,1,4,medium,1
3324,44,0,1,low,15
3325,58,1,2,high,7
3326,24,1,4,high,4
3327,22,1,3,medium,11
3329,25,1,3,high,4
3330,32,1,2,medium,2
3332,46,0,3,high,1
3333,27,1,2,high,8
3334,49,1,4,medium,9
3335,47,1,3,medium,1
3336,35,1,3,high,13
3337,23,0,3,high,11
3338,38,0,3,medium,5
3339,20,1,4,high,0
3340,38,1,2,low,5
3341,56,0,1,low,7
3342,46,0,4,high,1
3343,41,1,2,medium,16
3344,53,0,2,high,3
3345,33,1,3,high,2
3346,55,0,1,medium,3
3347,40,1,1,medium,5
3348,53,0,2,high,3
3349,37,1,3,low,14
3350,59,0,2,low,7
3351,41,1,3,medium,12
3352,58,0,3,high,19
3353,53,0,1,high,3
3354,51,0,4,medium,18
3356,30,1,3,medium,10
3357,25,1,2,high,17
3358,34,1,2,high,2
3359,21,1,1,low,11
3360,35,0,1,low,14
3362,56,0,4,medium,6
3363,51,0,4,high,18
3364,34,1,4,low,13
3365,38,0,1,high,5
3367,51,0,2,high,9
3368,36,0,2,medium,14
3369,54,0,2,high,3
3370,39,1,3,low,5
3371,44,0,2,low,15
3372,30,1,2,medium,10
3373,22,0,3,high,11
3374,20,1,4,low,0
3375,51,0,4,high,18
3376,41,0,2,medium,16
3377,47,0,3,high,1
3378,32,1,2,medium,2
3379,39,1,2,low,5
3380,42,1,2,medium,16
3381,53,1,4,medium,18
3382,52,0,1,low,3
3383,19,1,2,low,0
3384,56,1,4,medium,6
3387,18,1,1,high,0
3388,48,1,4,high,1
3389,23,1,4,high,11
3390,26,0,2,high,4
3391,53,0,3,high,18
3392,18,0,4,high,0
3393,42,0,2,high,16
3394,20,0,2,low,0
3395,56,0,4,high,6
3396,58,1,1,medium,7
3397,24,0,1,low,17
3398,26,1,3,low,4
3399,48,0,4,low,1
3400,58,1,4,high,19
3401,54,1,4,low,6
3402,54,1,1,high,3
3403,58,0,3,low,19
3405,25,0,4,high,4
3407,45,1,1,low,15
3408,43,0,4,high,12
3411,58,0,1,medium,7
3413,51,0,4,low,18
3414,23,1,2,high,11
3415,28,0,1,medium,8
3416,24,0,2,medium,17
3417,20,1,4,low,0
3418,53,1,4,high,18
3419,23,0,3,high,11
3421,45,0,1,high,15
3422,52,1,2,medium,3
3423,40,1,1,medium,5
3424,46,1,4,high,1
3425,29,1,3,medium,8
3426,26,0,2,low,4
3427,30,1,1,medium,10
3428,30,1,2,low,10
3429,47,1,2,high,15
3430,27,0,2,high,8
3431,36,1,3,medium,14
3432,57,1,1,low,7
3433,48,0,2,low,9
3434,20,1,1,medium,0
3435,42,1,4,low,12
3436,44,1,1,high,15
2003,52,0,2,medium,3
2031,40,0,3,high,5
2155,49,1,3,medium,9
2185,59,1,1,low,7
2325,28,0,1,low,8
2330,40,1,2,medium,5
1914,51,0,3,high,18
1915,25,1,4,high,4
1917,45,0,4,medium,1
1918,29,0,2,low,8
1919,43,1,4,high,12
1921,28,0,1,low,8
1922,34,0,2,low,2
1923,22,1,1,medium,11
1924,52,0,1,high,3
1925,25,0,2,low,17
1927,48,1,2,medium,9
1928,30,1,3,medium,10
1929,58,1,1,medium,7
1930,34,1,2,low,2
1931,30,0,3,high,10
1933,44,0,2,high,15
1934,26,0,3,high,4
1935,18,1,2,medium,0
1936,25,0,1,medium,17
1937,31,0,4,high,10
1938,40,1,3,high,5
1942,20,0,4,medium,0
1943,59,1,2,high,7
1944,27,0,3,low,8
1946,31,0,3,high,10
1949,35,1,3,medium,13
1950,23,1,3,low,11
1952,54,0,3,medium,6
1953,30,1,3,high,10
1956,33,0,2,medium,2
1957,28,1,1,low,8
1958,55,0,3,low,6
1960,37,0,1,medium,14
1961,33,0,2,medium,2
1962,47,1,2,medium,15
1963,27,0,4,low,4
1964,59,1,3,high,19
1965,32,1,3,high,10
1966,40,0,2,medium,5
1968,31,0,3,medium,10
1969,58,1,2,medium,7
1970,44,1,2,medium,15
1971,57,1,4,medium,19
1974,47,1,2,medium,15
1975,33,0,3,low,2
1977,35,0,3,low,13
1978,27,1,1,medium,8
1979,47,1,3,low,1
1980,39,1,1,low,5
1981,20,1,2,high,0
1982,53,1,4,medium,18
1983,58,1,1,high,7
1984,40,0,4,low,5
1985,57,0,1,high,7
1986,53,0,2,medium,3
1987,34,1,4,medium,13
1988,28,0,4,medium,8
1989,20,1,1,high,0
1990,27,0,1,low,8
1992,38,0,1,low,5
1993,37,0,2,high,14
1996,33,0,3,low,2
1997,22,0,4,high,11
1999,37,1,3,low,14
2000,19,0,4,high,0
2005,31,0,3,low,10
2006,59,0,1,high,7
2008,48,0,4,medium,1
2011,33,1,2,low,2
2012,49,1,2,high,9
2013,26,1,2,medium,4
2014,25,1,3,high,4
2015,33,1,3,high,2
2016,38,0,4,medium,5
2017,35,1,2,low,14
2019,53,0,1,low,3
2020,33,1,1,high,2
2021,20,1,3,medium,0
2022,32,1,4,high,10
2023,45,0,1,low,15
2025,34,1,3,medium,13
2029,46,0,1,medium,15
2030,50,0,2,high,9
2033,49,0,2,medium,9
2034,40,1,2,low,5
2035,30,1,1,high,10
2036,21,1,2,low,11
2037,26,0,3,medium,4
2040,35,1,4,high,13
2041,25,0,4,medium,4
2043,38,1,3,low,5
2044,35,0,4,high,13
2045,54,1,1,low,3
2046,37,0,4,low,14
2048,35,0,2,low,14
2049,28,1,3,low,8
2050,57,0,4,medium,19
2051,25,1,4,low,4
2055,20,0,3,medium,0
2056,52,0,1,high,3
2057,50,0,1,low,9
2058,45,0,2,low,15
2059,56,1,2,low,6
2060,46,0,4,high,1
2061,53,0,4,medium,18
2063,21,0,4,medium,11
2064,27,1,3,low,8
2066,42,0,3,low,12
2067,22,1,2,high,11
2069,49,0,3,high,9
2070,41,0,2,high,16
2073,59,0,2,low,7
2074,21,1,2,high,11
2075,47,0,1,medium,15
2076,42,0,4,high,12
2077,24,1,2,medium,17
2078,38,0,2,medium,5
2079,53,0,4,low,18
2080,55,0,4,high,6
2082,53,1,1,high,3
2083,29,1,4,medium,10
2084,39,1,3,high,5
2085,48,0,1,low,9
2086,57,1,2,low,7
2088,59,0,3,medium,19
2089,30,1,1,low,10
2090,29,1,1,high,8
2091,52,1,1,low,3
2092,40,0,1,low,5
2093,42,0,3,low,12
2094,18,1,3,high,0
2095,59,0,4,medium,19
2096,19,0,4,high,0
2097,34,0,1,low,2
2098,28,1,4,high,8
2099,35,1,3,low,13
2100,38,1,2,high,5
2103,51,1,4,low,18
2104,41,1,1,medium,16
2105,31,1,3,medium,10
2106,35,1,3,low,13
2107,24,1,2,high,17
2108,20,1,1,medium,0
2109,35,0,3,high,13
2110,58,1,1,medium,7
2112,54,0,1,high,3
2113,51,0,4,low,18
2114,35,0,4,low,13
2115,52,1,2,low,3
2118,31,0,3,high,10
2119,53,1,2,low,3
2120,25,0,2,medium,17
2121,27,0,1,medium,8
2122,53,0,4,high,18
2123,32,0,1,medium,2
2124,38,1,3,medium,5
2126,49,0,1,high,9
2129,42,0,3,low,12
2130,33,0,2,medium,2
2131,29,0,3,low,8
2136,42,0,3,medium,12
2139,43,0,4,low,12
2140,57,0,4,low,19
2141,34,0,1,high,2
2142,18,1,2,high,0
2145,45,1,2,medium,15
2146,28,0,3,medium,8
2147,21,1,1,low,11
2150,35,0,1,low,14
2152,29,0,4,low,10
2154,19,1,1,medium,0
2156,35,1,3,medium,13
2158,31,1,2,high,10
2159,48,1,4,low,1
2160,29,1,2,medium,8
2161,29,0,3,medium,8
2162,59,0,2,medium,7
2164,32,0,1,high,2
2165,52,0,4,high,18
2166,23,1,1,low,17
2167,20,0,3,low,0
2168,45,0,3,low,1
2170,53,1,4,medium,18
2172,49,0,4,high,9
2173,37,1,2,medium,14
2175,18,0,2,high,0
2177,35,0,4,medium,13
2178,30,1,3,medium,10
2179,52,0,2,medium,3
2181,50,0,3,medium,9
2182,59,1,4,low,19
2184,57,0,3,low,19
2186,21,1,4,medium,11
2188,23,1,3,low,11
2190,20,1,3,high,0
2192,53,1,2,high,3
2193,56,0,2,medium,6
2195,23,0,4,low,11
2197,42,0,3,high,12
2200,36,1,1,medium,14
2201,47,0,3,high,1
2202,21,1,4,medium,11
2204,19,1,4,medium,0
2205,40,0,4,medium,5
2206,40,1,1,high,5
2207,39,0,4,medium,5
2208,26,0,2,medium,4
2209,59,1,3,high,19
2210,41,0,2,low,16
2211,40,1,2,high,5
2212,55,1,2,high,6
2213,34,0,3,high,13
2214,34,1,2,high,2
2216,58,0,4,high,19
2217,23,0,2,medium,11
2218,44,1,2,medium,15
2219,41,0,3,medium,12
2220,34,1,1,high,2
2221,41,1,3,low,12
2222,19,0,4,low,0
2226,35,0,1,medium,14
2227,25,0,3,medium,4
2228,20,0,3,medium,0
2229,36,1,4,low,13
2230,21,1,3,low,11
2231,34,0,2,medium,2
2232,45,0,1,low,15
2233,40,0,4,high,5
2234,45,0,2,low,15
2235,40,0,1,high,5
2236,29,0,3,high,8
2237,20,0,3,low,0
2238,48,0,4,high,1
2240,30,1,4,high,10
2242,59,0,3,medium,19
2243,59,0,2,medium,7
2244,37,1,1,low,14
2245,24,1,2,medium,17
2248,46,1,3,high,1
2249,52,0,2,low,3
2251,38,0,3,high,5
2252,58,0,4,high,19
2253,51,0,2,high,9
2255,22,1,3,low,11
2256,24,1,2,high,17
2257,24,0,3,high,17
2258,39,1,2,medium,5
2259,24,1,2,low,17
2260,52,0,3,low,18
2261,59,1,1,high,7
2262,45,0,2,medium,15
2263,42,1,4,low,12
2265,21,0,4,medium,11
2269,45,0,2,high,15
2270,46,1,2,high,15
2271,52,0,4,medium,18
2272,34,0,1,low,2
2274,22,1,1,high,11
2275,30,0,4,high,10
2276,22,0,1,low,11
2277,22,1,3,high,11
2278,51,0,4,high,18
2280,35,0,3,medium,13
2281,59,0,3,low,19
2286,56,0,2,high,6
2287,49,0,2,low,9
2288,29,0,4,high,10
2290,59,1,4,medium,19
2291,25,1,3,high,4
2296,35,1,3,low,13
2297,46,1,3,high,1
2299,40,1,2,low,5
2300,19,1,1,low,0
2301,57,0,3,medium,19
2303,28,1,1,low,8
2304,52,1,3,medium,18
2305,35,0,1,low,14
2306,33,1,2,medium,2
2307,50,1,3,high,9
2308,54,1,1,high,3
2309,48,1,3,low,9
2310,25,1,4,medium,4
2311,20,1,4,high,0
2312,47,0,1,medium,15
2313,32,0,1,high,2
2314,25,1,3,low,4
2316,18,0,2,low,0
2317,57,1,3,high,19
2318,46,1,1,low,15
2320,29,1,1,high,8
2321,25,1,1,high,17
2322,48,1,2,low,9
2323,46,1,1,medium,15
2324,20,1,3,medium,0
2326,54,0,4,high,6
2329,31,1,4,medium,10
2331,24,0,2,high,17
2334,29,0,2,high,8
2335,49,0,1,high,9
2339,40,0,3,medium,5
2340,47,0,3,high,1
2341,44,1,1,low,15
2342,54,1,1,medium,3
2345,35,1,2,high,14
2346,44,1,4,low,12
2348,30,0,1,low,10
2349,19,0,1,low,0
2350,37,0,4,low,14
2352,24,1,1,medium,17
2353,31,1,2,high,10
2354,42,0,2,low,16
2356,23,1,3,low,11
2357,49,1,3,high,9
2358,46,1,4,low,1
2359,41,1,4,high,12
2360,39,1,2,low,5
2361,27,0,3,low,8
2362,20,0,1,medium,0
2363,28,0,3,high,8
2365,59,1,3,medium,19
2366,27,0,2,medium,8
2367,28,1,1,low,8
2369,58,1,4,low,19
2370,29,0,2,high,8
2371,29,0,4,low,10
2373,53,1,1,low,3
2374,44,1,2,low,15
2375,28,0,3,high,8
2376,29,0,3,high,8
2379,48,1,4,medium,1
2380,48,0,3,high,9
2381,56,1,2,medium,6
2382,44,0,2,low,15
2383,19,1,4,medium,0
2386,26,0,1,high,17
2387,30,0,1,low,10
2388,38,0,2,low,5
2390,52,1,4,medium,18
2391,58,0,3,high,19
2392,39,0,2,low,5
2393,18,1,1,high,0
2395,59,1,1,high,7
2396,36,0,1,medium,14
2397,21,1,2,low,11
2400,21,1,1,low,11
2401,41,0,4,high,12
2402,53,0,1,medium,3
2403,18,0,3,high,0
2404,56,1,1,high,7
2405,21,0,4,low,11
2406,36,0,4,high,13
2407,51,1,2,medium,9
2408,32,1,1,low,2
2409,18,0,2,low,0
2410,18,1,2,medium,0
2411,30,0,2,medium,10
2412,25,1,3,low,4
2414,21,0,4,low,11
2415,47,1,2,low,15
2416,43,1,2,high,16
2418,22,1,4,high,11
2421,22,0,3,low,11
2422,29,1,4,low,10
2423,40,0,2,medium,5
2424,31,0,4,high,10
2425,47,1,3,low,1
2426,34,0,4,low,13
2427,41,0,3,low,12
2428,54,1,3,medium,6
2429,50,0,2,medium,9
2430,21,1,3,medium,11
2431,24,0,3,high,17
2432,40,0,1,high,5
2433,44,1,3,medium,12
2434,57,0,3,medium,19
2435,53,0,2,medium,3
2437,39,0,2,low,5
2438,26,0,1,medium,17
2439,19,0,2,medium,0
2440,33,1,4,high,13
2441,31,1,2,medium,10
2442,43,1,3,high,12
2443,50,0,3,low,9
2444,47,1,2,low,15
2446,57,0,2,low,7
2448,31,0,2,high,10
2449,30,0,4,high,10
2450,19,0,3,medium,0
2452,44,0,1,medium,15
2453,31,1,1,medium,10
2454,37,0,1,high,14
2455,46,1,2,medium,15
2456,34,1,1,high,2
2457,30,0,2,high,10
2460,41,0,4,medium,12
2462,55,1,1,high,3
2464,30,0,4,medium,10
2466,18,0,4,low,0
2467,42,0,1,low,16
2469,48,0,2,high,9
2470,19,0,1,high,0
2473,21,1,2,high,11
2474,36,1,2,medium,14
2476,20,0,2,high,0
2477,54,1,3,high,6
2478,23,1,4,high,11
2479,30,1,1,medium,10
2480,18,1,1,low,0
2481,52,1,2,medium,3
2482,45,0,1,medium,15
2483,41,1,1,medium,16
2484,34,0,1,high,2
2485,46,0,2,low,15
2486,45,1,1,high,15
2487,57,0,4,low,19
2488,50,0,2,low,9
2489,52,0,2,medium,3
2490,48,0,3,medium,9
2492,54,1,1,medium,3
2493,53,0,2,medium,3
2495,18,0,2,medium,0
2497,53,1,3,high,18
2499,45,0,1,medium,15
2500,20,1,4,medium,0
2503,55,0,2,medium,6
2504,39,0,2,high,5
2505,21,1,2,medium,11
2506,43,1,4,medium,12
2507,27,1,4,medium,4
2513,51,1,2,medium,9
2514,52,0,4,medium,18
2515,23,1,1,medium,17
2517,54,0,2,medium,3
2518,51,1,2,low,9
2520,53,0,3,low,18
2521,44,1,1,medium,15
2522,21,1,2,high,11
2523,47,1,4,medium,1
2524,27,1,3,high,8
2525,39,1,3,low,5
2526,55,0,4,medium,6
2527,40,1,3,low,5
2528,36,1,2,low,14
2531,44,0,2,low,15
2532,43,0,1,high,16
2534,43,1,4,medium,12
2535,37,1,4,low,14
2536,27,1,2,low,8
2537,24,0,1,medium,17
2539,51,0,4,medium,18
2540,29,0,1,low,8
2541,38,1,3,low,5
2545,39,1,4,medium,5
2546,21,0,3,medium,11
2548,59,0,2,low,7
2549,34,1,1,high,2
2550,44,0,1,medium,15
2551,45,1,2,low,15
2552,31,0,2,low,10
2553,53,1,1,low,3
2554,24,1,3,low,17
2556,26,1,2,medium,4
2557,37,1,3,medium,14
2558,38,0,1,medium,5
2559,42,0,3,medium,12
2560,25,0,2,medium,17
2561,25,1,2,high,17
2562,27,0,2,high,8
2563,46,1,1,medium,15
2564,21,1,2,low,11
2565,53,1,1,high,3
2566,21,1,3,low,11
2568,42,1,3,medium,12
2569,31,0,1,medium,10
2570,30,0,2,medium,10
2572,32,1,3,high,10
2573,28,1,1,low,8
2574,48,1,2,high,9
2575,57,1,3,medium,19
2576,25,1,1,low,17
2577,43,1,1,high,16
2578,43,0,4,high,12
2579,21,0,2,high,11
2580,40,0,2,high,5
2581,35,0,3,low,13
2584,22,0,2,low,11
2585,36,1,3,low,14
2586,34,0,1,high,2
2587,59,0,4,low,19
2590,33,0,2,medium,2
2591,28,0,2,high,8
2593,20,1,1,medium,0
2595,32,1,1,low,2
2596,33,0,3,medium,2
2599,22,1,4,medium,11
2600,39,0,2,high,5
2601,29,0,1,medium,8
2602,30,0,2,high,10
2603,27,1,2,high,8
2604,29,0,2,low,8
2606,46,0,3,low,1
2607,20,1,3,low,0
2610,36,1,1,high,14
2611,27,0,3,medium,8
2612,38,1,2,medium,5
2613,50,0,4,high,9
2614,42,0,3,high,12
2615,33,0,3,medium,2
2618,59,1,1,low,7
2619,29,0,2,low,8
2620,31,1,3,high,10
2621,49,1,2,low,9
2622,47,0,2,high,15
2623,41,0,4,low,12
2624,29,0,1,medium,8
2625,55,1,1,high,3
2626,25,0,3,medium,4
2627,35,0,3,medium,13
2628,30,1,2,high,10
2630,46,0,3,high,1
2631,44,1,4,high,12
2632,20,0,4,low,0
2633,37,0,3,low,14
2634,40,0,4,high,5
2637,40,0,1,medium,5
2638,29,1,2,low,8
2639,59,1,3,high,19
2641,31,0,2,medium,10
2644,25,0,4,low,4
2645,27,0,2,high,8
2646,51,0,1,low,3
2648,18,1,4,low,0
2650,37,0,3,low,14
2651,21,0,3,low,11
2652,50,1,4,medium,9
2654,57,0,4,low,19
2655,36,0,3,low,14
2656,57,1,1,low,7
2657,39,0,1,medium,5
2658,51,0,4,medium,18
2659,58,0,2,high,7
3438,24,1,4,high,4
3439,28,1,3,high,8
3441,43,1,4,medium,12
3442,18,1,3,high,0
3443,24,0,4,high,4
3444,30,0,1,high,10
3445,49,1,1,low,9
3446,30,0,3,low,10
3447,26,0,1,low,17
3448,33,0,4,high,13
3449,36,0,4,low,13
3450,42,0,3,low,12
3451,43,1,3,low,12
3452,58,0,1,high,7
3453,19,0,2,medium,0
3455,58,0,1,high,7
3457,25,1,3,high,4
3458,51,1,4,high,18
3459,35,0,1,medium,14
3460,27,1,2,high,8
3461,28,1,2,medium,8
3462,40,0,2,medium,5
3463,56,0,4,low,6
3464,58,0,4,low,19
3465,21,0,3,high,11
3466,33,0,1,medium,2
3467,29,0,4,medium,10
3468,24,0,1,high,17
3469,28,1,1,high,8
3470,27,1,3,low,8
3471,41,1,3,high,12
3472,33,1,3,high,2
3473,34,1,3,high,13
3474,39,0,2,low,5
3475,38,0,3,low,5
3476,27,1,4,low,4
3477,43,0,2,medium,16
3478,55,0,3,medium,6
3479,36,0,3,medium,14
3480,58,1,4,low,19
3481,51,0,2,low,9
3482,53,0,1,low,3
3483,32,1,1,high,2
3484,42,1,1,high,16
3485,20,1,2,high,0
3486,38,0,4,high,5
3488,22,1,1,low,11
3489,33,1,4,medium,13
3490,40,1,2,low,5
3491,27,0,4,high,4
3492,29,1,1,low,8
3493,58,0,3,low,19
3494,49,0,4,medium,9
3496,38,0,3,high,5
3497,35,0,3,medium,13
3498,19,0,4,high,0
3499,29,1,2,high,8
3500,43,1,3,low,12
3502,27,0,3,medium,8
3503,40,1,4,low,5
3504,37,0,4,high,14
3505,53,1,2,high,3
3506,20,0,3,medium,0
3507,58,1,2,low,7
3508,54,1,4,high,6
3509,26,0,4,medium,4
3510,54,1,4,medium,6
3511,29,0,4,medium,10
3512,36,0,4,low,13
3513,51,0,3,medium,18
3514,57,0,3,medium,19
3515,20,1,4,medium,0
3516,35,0,2,high,14
3518,44,0,2,high,15
3519,30,0,2,high,10
3520,41,0,3,high,12
3521,20,1,3,low,0
3522,54,1,2,medium,3
3523,18,1,3,high,0
3524,18,1,1,low,0
3526,41,1,3,medium,12
3527,37,0,3,medium,14
3528,21,0,4,high,11
3529,58,1,1,high,7
3530,37,0,2,medium,14
3531,40,0,1,medium,5
3532,59,1,2,low,7
3533,23,0,2,low,11
3534,28,0,1,medium,8
3535,47,0,2,high,15
3536,42,1,2,medium,16
3537,22,0,3,low,11
3538,57,0,1,high,7
3539,53,1,2,medium,3
3541,31,0,1,low,10
3542,49,1,4,low,9
3543,27,1,2,low,8
3544,28,0,3,low,8
3545,25,0,4,medium,4
3546,44,1,3,high,12
3547,22,0,4,medium,11
3548,42,0,2,medium,16
3549,33,1,3,high,2
3551,53,1,4,low,18
3552,56,1,3,medium,6
3553,46,1,2,high,15
3554,57,1,3,low,19
3555,35,0,3,low,13
3557,41,0,4,medium,12
3558,55,0,2,high,6
3559,34,1,2,high,2
3560,20,1,3,high,0
3562,44,0,3,high,12
3563,45,0,4,medium,1
3564,26,0,1,low,17
3565,46,1,2,high,15
3566,32,1,2,medium,2
3567,49,0,1,medium,9
3568,53,1,1,medium,3
3569,31,1,4,high,10
3570,59,1,3,high,19
3571,38,0,3,low,5
3572,25,1,3,high,4
3573,56,1,2,high,6
3574,43,0,3,medium,12
3575,53,1,1,medium,3
3576,41,1,1,medium,16
3578,55,0,3,high,6
3579,59,1,3,high,19
3580,19,1,2,low,0
3581,51,1,4,high,18
3582,41,1,4,high,12
3583,55,1,2,low,6
3584,54,1,2,low,3
3585,20,0,4,high,0
3587,55,1,4,high,6
3588,50,1,1,high,9
3589,49,0,1,high,9
3590,18,0,1,medium,0
3591,52,1,2,high,3
3593,52,0,3,high,18
3594,21,1,1,medium,11
3595,40,1,3,medium,5
3596,36,0,2,high,14
3597,34,0,3,high,13
3598,57,1,4,high,19
3599,26,0,4,low,4
3600,36,1,4,medium,13
3601,32,0,1,high,2
3602,36,0,1,low,14
3603,38,0,4,high,5
3604,42,1,2,low,16
3605,51,0,4,low,18
3606,34,0,1,high,2
3607,52,1,1,medium,3
3608,59,0,1,medium,7
3610,40,1,3,high,5
3611,51,1,3,medium,18
3612,40,1,4,low,5
3613,21,1,2,medium,11
3614,34,1,4,low,13
3615,43,1,3,low,12
3616,38,0,3,medium,5
3617,19,1,3,low,0
3618,29,1,2,low,8
3619,24,0,3,high,17
3620,59,0,3,high,19
3622,51,1,3,low,18
3623,46,0,2,high,15
3624,36,1,4,high,13
3625,59,1,1,medium,7
3627,39,0,4,medium,5
3628,53,1,2,medium,3
3629,53,1,1,high,3
3630,35,0,4,low,13
3631,49,0,3,low,9
3632,39,1,4,high,5
3634,42,0,4,medium,12
3635,42,1,4,high,12
3636,55,0,1,medium,3
3637,35,0,1,medium,14
3638,47,1,3,low,1
3639,53,1,2,high,3
3640,51,0,4,low,18
3641,31,1,2,low,10
3642,36,0,4,low,13
3643,29,1,1,low,8
3644,43,0,3,low,12
3645,22,0,3,high,11
3646,22,1,4,high,11
3647,39,1,2,high,5
3648,57,1,3,medium,19
3649,30,1,4,low,10
3650,50,0,4,low,9
3652,21,0,1,low,11
3653,20,0,4,medium,0
3654,33,1,2,medium,2
3655,38,0,4,low,5
3656,30,0,2,high,10
3657,23,0,3,medium,11
3658,34,0,3,medium,13
3659,48,1,4,high,1
3660,34,1,4,low,13
3661,37,0,2,medium,14
3662,29,0,1,medium,8
3663,35,1,4,medium,13
3664,47,1,1,low,15
3665,47,1,4,high,1
3666,37,0,2,medium,14
3667,25,0,4,low,4
3668,34,1,1,high,2
3669,41,0,4,medium,12
3670,39,0,1,high,5
3671,56,1,4,high,6
3672,33,0,1,high,2
3673,31,0,4,low,10
3675,36,1,2,high,14
3676,41,0,1,high,16
3678,48,1,2,low,9
3679,42,1,3,high,12
3680,58,1,2,medium,7
3681,22,1,4,medium,11
3682,25,1,3,low,4
3683,24,1,4,high,4
3685,28,1,1,high,8
3686,22,0,4,low,11
3687,47,1,2,medium,15
3688,51,1,3,medium,18
3689,25,0,3,low,4
3690,18,0,1,medium,0
3691,41,1,3,medium,12
3693,49,1,1,low,9
3694,41,0,1,medium,16
3695,42,0,1,high,16
3696,45,0,4,high,1
3697,51,0,1,high,3
3698,44,0,2,medium,15
3699,57,1,1,high,7
3700,38,1,1,high,5
3701,59,0,2,high,7
3702,39,0,4,medium,5
3703,30,1,1,medium,10
3704,28,1,4,low,8
3705,20,1,3,low,0
3706,24,0,1,low,17
3707,31,0,4,low,10
3708,40,0,3,medium,5
3709,52,1,2,medium,3
3710,20,1,1,high,0
3711,48,0,4,high,1
3712,30,0,3,high,10
3713,37,1,2,high,14
3714,37,0,2,low,14
3715,26,0,2,high,4
3716,33,0,2,high,2
3717,20,1,1,low,0
3718,54,1,2,medium,3
3719,39,0,2,low,5
3720,26,0,2,low,4
3722,36,0,3,high,14
3724,31,1,4,low,10
3725,43,0,4,low,12
3726,51,1,2,medium,9
3727,38,0,4,high,5
3728,47,1,2,low,15
3729,51,0,2,high,9
3730,19,0,2,high,0
3731,30,0,2,high,10
3732,58,1,3,medium,19
3733,33,0,3,medium,2
3734,49,0,3,low,9
3735,29,1,3,high,8
3736,36,1,4,low,13
3737,49,1,1,high,9
3738,23,0,3,low,11
3739,42,1,1,high,16
3740,48,0,4,low,1
3742,31,1,3,low,10
3743,28,0,1,medium,8
3744,35,1,1,medium,14
3745,48,1,2,medium,9
3746,31,1,2,medium,10
3747,24,1,3,low,17
3748,59,0,2,medium,7
3749,50,1,4,high,9
3751,50,0,2,low,9
3752,31,0,4,high,10
3753,32,0,2,low,2
3754,29,0,2,high,8
3755,25,0,2,low,17
3757,38,0,4,medium,5
3758,58,0,2,low,7
3759,29,1,4,low,10
3760,26,0,3,high,4
3761,44,1,3,high,12
3762,53,0,4,low,18
3763,55,0,4,low,6
3764,35,1,2,high,14
3765,55,1,3,high,6
3766,33,1,4,high,13
3767,58,1,4,low,19
3768,51,1,2,high,9
3769,48,0,1,medium,9
3770,53,1,4,medium,18
3771,39,1,3,low,5
3772,22,1,2,high,11
3773,26,0,2,high,4
3774,46,1,2,high,15
3775,20,0,2,medium,0
3776,37,0,1,medium,14
3777,25,0,4,high,4
3778,53,1,1,high,3
3780,43,0,2,medium,16
3781,56,1,2,low,6
3782,27,0,4,medium,4
3783,49,0,4,low,9
3784,49,0,4,high,9
3785,50,1,2,high,9
3786,42,0,4,medium,12
3787,19,1,3,low,0
3788,43,1,4,medium,12
3789,19,0,4,low,0
3790,25,1,3,high,4
3791,35,0,2,low,14
3792,47,1,2,low,15
3793,19,1,4,medium,0
3794,18,1,4,medium,0
3795,48,0,4,medium,1
3796,55,1,2,low,6
3798,54,0,3,medium,6
3799,34,1,4,low,13
3800,18,0,1,low,0
3801,18,1,3,medium,0
3802,27,0,2,low,8
3803,22,1,1,medium,11
3804,34,0,1,low,2
3805,54,0,4,medium,6
3806,27,1,3,high,8
3807,34,1,3,high,13
3808,47,0,3,low,1
3809,40,1,2,high,5
3810,39,0,1,medium,5
3811,39,1,3,high,5
3812,57,0,4,high,19
3813,51,1,4,low,18
3814,40,0,2,high,5
3815,47,0,1,low,15
3816,44,1,1,medium,15
3817,42,0,4,medium,12
3818,54,1,3,high,6
3819,44,1,4,medium,12
3820,33,1,2,high,2
3821,45,1,3,low,1
3822,30,1,1,low,10
3823,50,0,3,high,9
3824,54,1,3,medium,6
3825,20,1,3,high,0
3826,22,0,3,medium,11
3827,23,0,4,medium,11
3828,35,0,2,high,14
3829,42,0,4,low,12
3831,53,1,4,low,18
3832,45,0,2,high,15
3833,38,1,1,low,5
3834,21,1,2,low,11
3835,56,0,4,medium,6
3836,59,1,1,low,7
3837,22,0,1,high,11
3838,31,1,1,high,10
3839,50,0,1,medium,9
3840,18,1,3,high,0
3841,59,0,4,medium,19
3842,41,1,2,high,16
3843,47,1,1,low,15
3844,53,0,4,medium,18
3845,37,1,1,high,14
3846,50,1,4,high,9
3847,36,0,3,high,14
3848,52,1,1,high,3
3849,37,1,2,low,14
3850,51,0,3,high,18
3852,53,1,1,medium,3
3853,18,1,3,medium,0
3854,38,0,1,low,5
3855,44,1,1,medium,15
3856,36,1,2,low,14
3857,44,1,2,low,15
3858,58,0,4,low,19
3859,42,1,2,medium,16
3860,38,1,2,low,5
3862,24,1,3,low,17
3863,46,0,4,high,1
3864,29,0,1,high,8
3865,28,0,1,high,8
3866,59,1,4,high,19
3867,32,0,1,medium,2
3868,21,1,4,low,11
3869,45,0,1,medium,15
3870,36,1,1,low,14
3871,41,1,1,high,16
3873,58,1,4,high,19
3874,45,1,2,high,15
3875,23,1,4,low,11
3876,23,1,4,low,11
3878,30,0,2,medium,10
3879,22,0,2,low,11
3880,50,1,2,high,9
3881,46,1,1,medium,15
3882,21,0,2,high,11
3883,57,1,2,medium,7
3884,45,0,1,high,15
3885,59,1,4,high,19
3887,39,0,3,high,5
3888,29,0,2,high,8
3889,53,1,4,low,18
3890,47,1,1,medium,15
3891,31,0,1,medium,10
3892,36,1,1,low,14
3893,27,0,3,low,8
3894,18,0,4,low,0
3895,42,1,2,medium,16
3896,45,0,4,medium,1
3897,53,1,3,high,18
3898,58,1,4,low,19
3899,36,1,4,high,13
3900,41,1,2,low,16
3901,56,1,4,low,6
3902,26,0,1,medium,17
3903,21,0,3,low,11
3904,21,1,2,low,11
3905,44,0,3,high,12
3906,32,0,4,high,10
3907,40,1,3,medium,5
3908,27,1,3,low,8
3909,41,0,3,high,12
3910,22,1,3,medium,11
3911,41,0,4,low,12
3912,43,0,3,high,12
3913,49,0,2,medium,9
3914,51,0,1,medium,3
3915,24,1,1,high,17
3916,23,0,3,low,11
3917,45,1,4,high,1
3918,20,1,3,low,0
3919,25,0,2,medium,17
3920,34,1,4,medium,13
3921,39,0,1,medium,5
3922,19,1,2,medium,0
3923,23,0,2,low,11
3924,21,0,2,medium,11
3925,27,0,2,medium,8
3926,27,1,1,low,8
3927,25,1,2,low,17
3928,28,1,4,low,8
3929,57,1,2,medium,7
3930,58,1,1,high,7
3931,55,0,4,high,6
3932,21,0,4,medium,11
3933,31,0,3,high,10
3934,48,1,2,low,9
3935,49,0,2,low,9
3936,51,1,4,high,18
3937,38,1,4,low,5
3938,34,0,3,low,13
3939,57,1,1,low,7
3940,57,1,3,medium,19
3941,30,0,3,medium,10
3942,34,0,1,high,2
3944,55,0,4,medium,6
3945,22,1,4,high,11
3946,33,1,1,high,2
3947,24,1,2,medium,17
3949,37,1,1,high,14
3950,45,0,1,medium,15
3951,36,0,3,medium,14
3952,39,1,1,medium,5
3953,56,1,2,medium,6
3954,47,0,4,low,1
3955,18,1,4,high,0
3956,55,0,1,medium,3
3957,55,0,1,medium,3
3958,59,1,3,low,19
3959,34,1,1,high,2
3960,57,0,2,low,7
3963,47,0,1,high,15
3964,37,1,3,high,14
3965,48,0,2,medium,9
3966,57,1,1,high,7
3967,56,1,1,low,7
3968,47,0,4,medium,1
3969,21,0,2,low,11
3970,42,1,2,low,16
3971,43,1,2,high,16
3972,39,1,3,high,5
3973,21,1,3,medium,11
3974,39,0,4,low,5
3975,40,0,3,medium,5
3976,18,0,3,medium,0
3977,56,1,2,high,6
3978,53,0,4,low,18
3979,30,1,1,high,10
3981,19,0,2,medium,0
3982,30,0,2,low,10
3983,54,1,2,medium,3
3984,46,0,4,medium,1
3985,50,1,2,medium,9
3986,54,0,4,high,6
3987,20,0,3,medium,0
3988,51,1,1,low,3
3990,40,1,3,low,5
3991,24,0,1,medium,17
3992,56,1,4,medium,6
3993,20,0,2,low,0
3994,46,1,2,high,15
3995,34,0,3,high,13
3996,36,0,1,low,14
3997,44,1,4,low,12
3998,18,1,1,medium,0
3999,37,0,3,high,14
4000,32,1,4,medium,10
4001,57,0,1,low,7
4002,21,1,2,medium,11
4003,55,0,4,medium,6
4004,38,1,1,medium,5
4005,46,1,4,low,1
4006,32,1,3,medium,10
4007,31,0,1,high,10
4008,58,0,3,high,19
4009,25,1,1,medium,17
4010,25,0,3,medium,4
4012,29,0,4,medium,10
4013,54,1,2,medium,3
4014,22,0,4,low,11
4015,51,1,2,high,9
4016,46,1,2,medium,15
4017,53,0,3,low,18
4018,53,1,3,high,18
4019,22,0,4,medium,11
4020,45,0,4,medium,1
4021,49,0,1,low,9
4022,47,1,4,low,1
4023,40,0,3,high,5
4024,24,0,3,high,17
4025,25,1,2,medium,17
4026,51,1,4,high,18
4027,19,1,3,medium,0
4028,32,1,1,high,2
4029,26,1,1,high,17
4030,56,1,4,high,6
4032,19,0,4,high,0
4033,30,1,4,high,10
4034,35,0,3,high,13
4035,52,0,4,medium,18
4036,36,0,3,high,14
4037,40,1,4,high,5
4038,37,0,1,high,14
